%Timestamp,timestamp_write;nplanes;lastaction;lastactiondetails;lastactionairplanenumber;positivescore;negativescore;collidedairplanenumbers;targetpositions;collision_point
09:45:01:763;2;0;0;;0;0;(System.Collections.Generic.List`1[System.String]);();(0.0, 0.0);
09:45:01:794;2;0;0;;0;0;(System.Collections.Generic.List`1[System.String]);();(-2000.0, -2000.0);
09:45:01:861;2;0;0;;0;0;(System.Collections.Generic.List`1[System.String]);();(-2000.0, -2000.0);
09:45:01:864;2;0;0;;0;0;(System.Collections.Generic.List`1[System.String]);();(-2000.0, -2000.0);
09:45:01:868;2;0;0;;0;0;(System.Collections.Generic.List`1[System.String]);();(-2000.0, -2000.0);
09:45:02:015;2;0;0;;0;0;(System.Collections.Generic.List`1[System.String]);();(-2000.0, -2000.0);
09:45:02:016;2;0;0;;0;0;(System.Collections.Generic.List`1[System.String]);();(-2000.0, -2000.0);
09:45:02:018;2;0;0;;0;0;(System.Collections.Generic.List`1[System.String]);();(-2000.0, -2000.0);
09:45:02:020;2;0;0;;0;0;(System.Collections.Generic.List`1[System.String]);();(-2000.0, -2000.0);
09:45:02:021;2;0;0;;0;0;(System.Collections.Generic.List`1[System.String]);();(-2000.0, -2000.0);
09:45:02:023;2;0;0;;0;0;(System.Collections.Generic.List`1[System.String]);();(-2000.0, -2000.0);
09:45:02:025;2;0;0;;0;0;(System.Collections.Generic.List`1[System.String]);();(-2000.0, -2000.0);
09:45:02:027;2;0;0;;0;0;(System.Collections.Generic.List`1[System.String]);();(-2000.0, -2000.0);
09:45:02:049;2;0;0;;0;0;(System.Collections.Generic.List`1[System.String]);();(-2000.0, -2000.0);
09:45:02:065;2;0;0;;0;0;(System.Collections.Generic.List`1[System.String]);();(-2000.0, -2000.0);
09:45:02:083;2;0;0;;0;0;(System.Collections.Generic.List`1[System.String]);();(-2000.0, -2000.0);
09:45:02:100;2;0;0;;0;0;(System.Collections.Generic.List`1[System.String]);();(-2000.0, -2000.0);
09:45:02:127;2;0;0;;0;0;(System.Collections.Generic.List`1[System.String]);();(-2000.0, -2000.0);
09:45:02:155;2;0;0;;0;0;(System.Collections.Generic.List`1[System.String]);();(-2000.0, -2000.0);
09:45:02:157;2;0;0;;0;0;(System.Collections.Generic.List`1[System.String]);();(-2000.0, -2000.0);
09:45:02:188;2;0;0;;0;0;(System.Collections.Generic.List`1[System.String]);();(-2000.0, -2000.0);
09:45:02:205;2;0;0;;0;0;(System.Collections.Generic.List`1[System.String]);();(-2000.0, -2000.0);
09:45:02:222;2;0;0;;0;0;(System.Collections.Generic.List`1[System.String]);();(-2000.0, -2000.0);
09:45:02:244;2;0;0;;0;0;(System.Collections.Generic.List`1[System.String]);();(-2000.0, -2000.0);
09:45:02:268;2;0;0;;0;0;(System.Collections.Generic.List`1[System.String]);();(-2000.0, -2000.0);
09:45:02:290;2;0;0;;0;0;(System.Collections.Generic.List`1[System.String]);();(-2000.0, -2000.0);
09:45:07:665;2;0;0;;0;0;(System.Collections.Generic.List`1[System.String]);();(-2000.0, -2000.0);
09:45:07:667;2;0;0;;0;0;(System.Collections.Generic.List`1[System.String]);();(-2000.0, -2000.0);
09:45:07:669;2;0;0;;0;0;(System.Collections.Generic.List`1[System.String]);();(-2000.0, -2000.0);
09:45:07:671;2;0;0;;0;0;(System.Collections.Generic.List`1[System.String]);();(-2000.0, -2000.0);
09:45:07:673;2;0;0;;0;0;(System.Collections.Generic.List`1[System.String]);();(-2000.0, -2000.0);
09:45:07:675;2;0;0;;0;0;(System.Collections.Generic.List`1[System.String]);();(-2000.0, -2000.0);
09:45:07:677;2;0;0;;0;0;(System.Collections.Generic.List`1[System.String]);();(-2000.0, -2000.0);
09:45:07:678;2;0;0;;0;0;(System.Collections.Generic.List`1[System.String]);();(-2000.0, -2000.0);
09:45:07:680;2;0;0;;0;0;(System.Collections.Generic.List`1[System.String]);();(-2000.0, -2000.0);
09:45:07:682;2;0;0;;0;0;(System.Collections.Generic.List`1[System.String]);();(-2000.0, -2000.0);
09:45:07:684;2;0;0;;0;0;(System.Collections.Generic.List`1[System.String]);();(-2000.0, -2000.0);
09:45:07:686;2;0;0;;0;0;(System.Collections.Generic.List`1[System.String]);();(-2000.0, -2000.0);
09:45:07:687;2;0;0;;0;0;(System.Collections.Generic.List`1[System.String]);();(-2000.0, -2000.0);
09:45:07:689;2;0;0;;0;0;(System.Collections.Generic.List`1[System.String]);();(-2000.0, -2000.0);
09:45:07:690;2;0;0;;0;0;(System.Collections.Generic.List`1[System.String]);();(-2000.0, -2000.0);
09:45:07:692;2;0;0;;0;0;(System.Collections.Generic.List`1[System.String]);();(-2000.0, -2000.0);
09:45:07:693;2;0;0;;0;0;(System.Collections.Generic.List`1[System.String]);();(-2000.0, -2000.0);
09:45:07:697;2;0;0;;0;0;(System.Collections.Generic.List`1[System.String]);();(-2000.0, -2000.0);
09:45:07:699;2;0;0;;0;0;(System.Collections.Generic.List`1[System.String]);();(-2000.0, -2000.0);
09:45:07:730;2;0;0;;0;0;(System.Collections.Generic.List`1[System.String]);();(-2000.0, -2000.0);
09:45:07:747;2;0;0;;0;0;(System.Collections.Generic.List`1[System.String]);();(-2000.0, -2000.0);
09:45:07:763;2;0;0;;0;0;(System.Collections.Generic.List`1[System.String]);();(-2000.0, -2000.0);
09:45:07:781;2;0;0;;0;0;(System.Collections.Generic.List`1[System.String]);();(-2000.0, -2000.0);
09:45:07:813;2;0;0;;0;0;(System.Collections.Generic.List`1[System.String]);();(-2000.0, -2000.0);
09:45:07:829;2;0;0;;0;0;(System.Collections.Generic.List`1[System.String]);();(-2000.0, -2000.0);
09:45:07:846;2;0;0;;0;0;(System.Collections.Generic.List`1[System.String]);();(-2000.0, -2000.0);
09:45:07:863;2;0;0;;0;0;(System.Collections.Generic.List`1[System.String]);();(-2000.0, -2000.0);
09:45:07:882;2;0;0;;0;0;(System.Collections.Generic.List`1[System.String]);();(-2000.0, -2000.0);
09:45:07:932;2;0;0;;0;0;(System.Collections.Generic.List`1[System.String]);();(-2000.0, -2000.0);
09:45:07:937;2;0;0;;0;0;(System.Collections.Generic.List`1[System.String]);();(-2000.0, -2000.0);
09:45:07:955;2;0;0;;0;0;(System.Collections.Generic.List`1[System.String]);();(-2000.0, -2000.0);
09:45:07:979;2;0;0;;0;0;(System.Collections.Generic.List`1[System.String]);();(-2000.0, -2000.0);
09:45:07:982;2;0;0;;0;0;(System.Collections.Generic.List`1[System.String]);();(-2000.0, -2000.0);
09:45:08:013;2;0;0;;0;0;(System.Collections.Generic.List`1[System.String]);();(-2000.0, -2000.0);
09:45:08:029;2;0;0;;0;0;(System.Collections.Generic.List`1[System.String]);();(-2000.0, -2000.0);
09:45:08:046;2;0;0;;0;0;(System.Collections.Generic.List`1[System.String]);();(-2000.0, -2000.0);
09:45:08:063;2;0;0;;0;0;(System.Collections.Generic.List`1[System.String]);();(-2000.0, -2000.0);
09:45:08:081;2;0;0;;0;0;(System.Collections.Generic.List`1[System.String]);();(-2000.0, -2000.0);
09:45:08:102;2;0;0;;0;0;(System.Collections.Generic.List`1[System.String]);();(-2000.0, -2000.0);
09:45:08:138;2;0;0;;0;0;(System.Collections.Generic.List`1[System.String]);();(-2000.0, -2000.0);
09:45:08:141;2;0;0;;0;0;(System.Collections.Generic.List`1[System.String]);();(-2000.0, -2000.0);
09:45:08:159;2;0;0;;0;0;(System.Collections.Generic.List`1[System.String]);();(-2000.0, -2000.0);
09:45:08:177;2;0;0;;0;0;(System.Collections.Generic.List`1[System.String]);();(-2000.0, -2000.0);
09:45:08:210;2;0;0;;0;0;(System.Collections.Generic.List`1[System.String]);();(-2000.0, -2000.0);
09:45:08:240;2;0;0;;0;0;(System.Collections.Generic.List`1[System.String]);();(-2000.0, -2000.0);
09:45:08:243;2;0;0;;0;0;(System.Collections.Generic.List`1[System.String]);();(-2000.0, -2000.0);
09:45:08:259;2;0;0;;0;0;(System.Collections.Generic.List`1[System.String]);();(-2000.0, -2000.0);
09:45:08:284;2;0;0;;0;0;(System.Collections.Generic.List`1[System.String]);();(-2000.0, -2000.0);
09:45:08:301;2;0;0;;0;0;(System.Collections.Generic.List`1[System.String]);();(-2000.0, -2000.0);
09:45:08:317;2;0;0;;0;0;(System.Collections.Generic.List`1[System.String]);();(-2000.0, -2000.0);
09:45:08:344;2;0;0;;0;0;(System.Collections.Generic.List`1[System.String]);();(-2000.0, -2000.0);
09:45:08:365;2;0;0;;0;0;(System.Collections.Generic.List`1[System.String]);();(-2000.0, -2000.0);
09:45:08:383;2;0;0;;0;0;(System.Collections.Generic.List`1[System.String]);();(-2000.0, -2000.0);
09:45:08:398;2;0;0;;0;0;(System.Collections.Generic.List`1[System.String]);();(-2000.0, -2000.0);
09:45:08:432;2;0;0;;0;0;(System.Collections.Generic.List`1[System.String]);();(-2000.0, -2000.0);
09:45:08:448;2;0;0;;0;0;(System.Collections.Generic.List`1[System.String]);();(-2000.0, -2000.0);
09:45:08:465;2;0;0;;0;0;(System.Collections.Generic.List`1[System.String]);();(-2000.0, -2000.0);
09:45:08:484;2;0;0;;0;0;(System.Collections.Generic.List`1[System.String]);();(-2000.0, -2000.0);
09:45:08:505;2;0;0;;0;0;(System.Collections.Generic.List`1[System.String]);();(-2000.0, -2000.0);
09:45:08:527;2;0;0;;0;0;(System.Collections.Generic.List`1[System.String]);();(-2000.0, -2000.0);
09:45:08:573;2;0;0;;0;0;(System.Collections.Generic.List`1[System.String]);();(-2000.0, -2000.0);
09:45:08:576;2;0;0;;0;0;(System.Collections.Generic.List`1[System.String]);();(-2000.0, -2000.0);
09:45:08:595;2;0;0;;0;0;(System.Collections.Generic.List`1[System.String]);();(-2000.0, -2000.0);
09:45:08:613;2;0;0;;0;0;(System.Collections.Generic.List`1[System.String]);();(-2000.0, -2000.0);
09:45:08:630;2;0;0;;0;0;(System.Collections.Generic.List`1[System.String]);();(-2000.0, -2000.0);
09:45:08:646;2;0;0;;0;0;(System.Collections.Generic.List`1[System.String]);();(-2000.0, -2000.0);
09:45:08:663;2;0;0;;0;0;(System.Collections.Generic.List`1[System.String]);();(-2000.0, -2000.0);
09:45:08:681;2;0;0;;0;0;(System.Collections.Generic.List`1[System.String]);();(-2000.0, -2000.0);
09:45:08:722;2;0;0;;0;0;(System.Collections.Generic.List`1[System.String]);();(-2000.0, -2000.0);
09:45:08:724;2;0;0;;0;0;(System.Collections.Generic.List`1[System.String]);();(-2000.0, -2000.0);
09:45:08:746;2;0;0;;0;0;(System.Collections.Generic.List`1[System.String]);();(-2000.0, -2000.0);
09:45:08:795;2;0;0;;0;0;(System.Collections.Generic.List`1[System.String]);();(-2000.0, -2000.0);
09:45:08:799;2;0;0;;0;0;(System.Collections.Generic.List`1[System.String]);();(-2000.0, -2000.0);
09:45:08:817;2;0;0;;0;0;(System.Collections.Generic.List`1[System.String]);();(-2000.0, -2000.0);
09:45:08:835;2;0;0;;0;0;(System.Collections.Generic.List`1[System.String]);();(-2000.0, -2000.0);
09:45:08:851;2;0;0;;0;0;(System.Collections.Generic.List`1[System.String]);();(-2000.0, -2000.0);
09:45:08:868;2;0;0;;0;0;(System.Collections.Generic.List`1[System.String]);();(-2000.0, -2000.0);
09:45:08:885;2;0;0;;0;0;(System.Collections.Generic.List`1[System.String]);();(-2000.0, -2000.0);
09:45:08:901;2;0;0;;0;0;(System.Collections.Generic.List`1[System.String]);();(-2000.0, -2000.0);
09:45:08:920;2;0;0;;0;0;(System.Collections.Generic.List`1[System.String]);();(-2000.0, -2000.0);
09:45:08:938;2;0;0;;0;0;(System.Collections.Generic.List`1[System.String]);();(-2000.0, -2000.0);
09:45:08:957;2;0;0;;0;0;(System.Collections.Generic.List`1[System.String]);();(-2000.0, -2000.0);
09:45:08:993;2;0;0;;0;0;(System.Collections.Generic.List`1[System.String]);();(-2000.0, -2000.0);
09:45:09:011;2;0;0;;0;0;(System.Collections.Generic.List`1[System.String]);();(-2000.0, -2000.0);
09:45:09:033;2;0;0;;0;0;(System.Collections.Generic.List`1[System.String]);();(-2000.0, -2000.0);
09:45:09:049;2;0;0;;0;0;(System.Collections.Generic.List`1[System.String]);();(-2000.0, -2000.0);
09:45:09:066;2;0;0;;0;0;(System.Collections.Generic.List`1[System.String]);();(-2000.0, -2000.0);
09:45:09:083;2;0;0;;0;0;(System.Collections.Generic.List`1[System.String]);();(-2000.0, -2000.0);
09:45:09:099;2;0;0;;0;0;(System.Collections.Generic.List`1[System.String]);();(-2000.0, -2000.0);
09:45:09:132;2;0;0;;0;0;(System.Collections.Generic.List`1[System.String]);();(-2000.0, -2000.0);
09:45:09:153;2;0;0;;0;0;(System.Collections.Generic.List`1[System.String]);();(-2000.0, -2000.0);
09:45:09:175;2;0;0;;0;0;(System.Collections.Generic.List`1[System.String]);();(-2000.0, -2000.0);
09:45:09:220;2;0;0;;0;0;(System.Collections.Generic.List`1[System.String]);();(-2000.0, -2000.0);
09:45:09:224;2;0;0;;0;0;(System.Collections.Generic.List`1[System.String]);();(-2000.0, -2000.0);
09:45:09:227;2;0;0;;0;0;(System.Collections.Generic.List`1[System.String]);();(-2000.0, -2000.0);
09:45:09:239;2;0;0;;0;0;(System.Collections.Generic.List`1[System.String]);();(-2000.0, -2000.0);
09:45:09:260;2;0;0;;0;0;(System.Collections.Generic.List`1[System.String]);();(-2000.0, -2000.0);
09:45:09:292;2;0;0;;0;0;(System.Collections.Generic.List`1[System.String]);();(-2000.0, -2000.0);
09:45:09:308;2;0;0;;0;0;(System.Collections.Generic.List`1[System.String]);();(-2000.0, -2000.0);
09:45:09:325;2;0;0;;0;0;(System.Collections.Generic.List`1[System.String]);();(-2000.0, -2000.0);
09:45:09:345;2;0;0;;0;0;(System.Collections.Generic.List`1[System.String]);();(-2000.0, -2000.0);
09:45:09:363;2;0;0;;0;0;(System.Collections.Generic.List`1[System.String]);();(-2000.0, -2000.0);
09:45:09:381;2;0;0;;0;0;(System.Collections.Generic.List`1[System.String]);();(-2000.0, -2000.0);
09:45:09:421;2;0;0;;0;0;(System.Collections.Generic.List`1[System.String]);();(-2000.0, -2000.0);
09:45:09:423;2;0;0;;0;0;(System.Collections.Generic.List`1[System.String]);();(-2000.0, -2000.0);
09:45:09:444;2;0;0;;0;0;(System.Collections.Generic.List`1[System.String]);();(-2000.0, -2000.0);
09:45:09:465;2;0;0;;0;0;(System.Collections.Generic.List`1[System.String]);();(-2000.0, -2000.0);
09:45:09:481;2;0;0;;0;0;(System.Collections.Generic.List`1[System.String]);();(-2000.0, -2000.0);
09:45:09:498;2;0;0;;0;0;(System.Collections.Generic.List`1[System.String]);();(-2000.0, -2000.0);
09:45:09:531;2;0;0;;0;0;(System.Collections.Generic.List`1[System.String]);();(-2000.0, -2000.0);
09:45:09:547;2;0;0;;0;0;(System.Collections.Generic.List`1[System.String]);();(-2000.0, -2000.0);
09:45:09:568;2;0;0;;0;0;(System.Collections.Generic.List`1[System.String]);();(-2000.0, -2000.0);
09:45:09:589;2;0;0;;0;0;(System.Collections.Generic.List`1[System.String]);();(-2000.0, -2000.0);
09:45:09:626;2;0;0;;0;0;(System.Collections.Generic.List`1[System.String]);();(-2000.0, -2000.0);
09:45:09:630;2;0;0;;0;0;(System.Collections.Generic.List`1[System.String]);();(-2000.0, -2000.0);
09:45:09:644;2;0;0;;0;0;(System.Collections.Generic.List`1[System.String]);();(-2000.0, -2000.0);
09:45:09:665;2;0;0;;0;0;(System.Collections.Generic.List`1[System.String]);();(-2000.0, -2000.0);
09:45:09:683;2;0;0;;0;0;(System.Collections.Generic.List`1[System.String]);();(-2000.0, -2000.0);
09:45:09:699;2;0;0;;0;0;(System.Collections.Generic.List`1[System.String]);();(-2000.0, -2000.0);
09:45:09:732;2;0;0;;0;0;(System.Collections.Generic.List`1[System.String]);();(-2000.0, -2000.0);
09:45:09:749;2;0;0;;0;0;(System.Collections.Generic.List`1[System.String]);();(-2000.0, -2000.0);
09:45:09:765;2;0;0;;0;0;(System.Collections.Generic.List`1[System.String]);();(-2000.0, -2000.0);
09:45:09:782;2;0;0;;0;0;(System.Collections.Generic.List`1[System.String]);();(-2000.0, -2000.0);
09:45:09:800;2;0;0;;0;0;(System.Collections.Generic.List`1[System.String]);();(-2000.0, -2000.0);
09:45:09:846;2;0;0;;0;0;(System.Collections.Generic.List`1[System.String]);();(-2000.0, -2000.0);
09:45:09:851;2;0;0;;0;0;(System.Collections.Generic.List`1[System.String]);();(-2000.0, -2000.0);
09:45:09:872;2;0;0;;0;0;(System.Collections.Generic.List`1[System.String]);();(-2000.0, -2000.0);
09:45:09:898;2;0;0;;0;0;(System.Collections.Generic.List`1[System.String]);();(-2000.0, -2000.0);
09:45:09:902;2;0;0;;0;0;(System.Collections.Generic.List`1[System.String]);();(-2000.0, -2000.0);
09:45:09:931;2;0;0;;0;0;(System.Collections.Generic.List`1[System.String]);();(-2000.0, -2000.0);
09:45:09:948;2;0;0;;0;0;(System.Collections.Generic.List`1[System.String]);();(-2000.0, -2000.0);
09:45:09:968;2;0;0;;0;0;(System.Collections.Generic.List`1[System.String]);();(-2000.0, -2000.0);
09:45:09:987;2;0;0;;0;0;(System.Collections.Generic.List`1[System.String]);();(-2000.0, -2000.0);
09:45:10:007;2;0;0;;0;0;(System.Collections.Generic.List`1[System.String]);();(-2000.0, -2000.0);
09:45:10:041;2;0;0;;0;0;(System.Collections.Generic.List`1[System.String]);();(-2000.0, -2000.0);
09:45:10:044;2;0;0;;0;0;(System.Collections.Generic.List`1[System.String]);();(-2000.0, -2000.0);
09:45:10:066;2;0;0;;0;0;(System.Collections.Generic.List`1[System.String]);();(-2000.0, -2000.0);
09:45:10:090;2;0;0;;0;0;(System.Collections.Generic.List`1[System.String]);();(-2000.0, -2000.0);
09:45:10:106;2;0;0;;0;0;(System.Collections.Generic.List`1[System.String]);();(-2000.0, -2000.0);
09:45:10:123;2;0;0;;0;0;(System.Collections.Generic.List`1[System.String]);();(-2000.0, -2000.0);
09:45:10:139;2;0;0;;0;0;(System.Collections.Generic.List`1[System.String]);();(-2000.0, -2000.0);
09:45:10:172;2;0;0;;0;0;(System.Collections.Generic.List`1[System.String]);();(-2000.0, -2000.0);
09:45:10:189;2;0;0;;0;0;(System.Collections.Generic.List`1[System.String]);();(-2000.0, -2000.0);
09:45:10:207;2;0;0;;0;0;(System.Collections.Generic.List`1[System.String]);();(-2000.0, -2000.0);
09:45:10:222;2;0;0;;0;0;(System.Collections.Generic.List`1[System.String]);();(-2000.0, -2000.0);
09:45:10:252;2;0;0;;0;0;(System.Collections.Generic.List`1[System.String]);();(-2000.0, -2000.0);
09:45:10:282;2;0;0;;0;0;(System.Collections.Generic.List`1[System.String]);();(-2000.0, -2000.0);
09:45:10:285;2;0;0;;0;0;(System.Collections.Generic.List`1[System.String]);();(-2000.0, -2000.0);
09:45:10:299;2;0;0;;0;0;(System.Collections.Generic.List`1[System.String]);();(-2000.0, -2000.0);
09:45:10:332;2;0;0;;0;0;(System.Collections.Generic.List`1[System.String]);();(-2000.0, -2000.0);
09:45:10:349;2;0;0;;0;0;(System.Collections.Generic.List`1[System.String]);();(-2000.0, -2000.0);
09:45:10:365;2;0;0;;0;0;(System.Collections.Generic.List`1[System.String]);();(-2000.0, -2000.0);
09:45:10:381;2;0;0;;0;0;(System.Collections.Generic.List`1[System.String]);();(-2000.0, -2000.0);
09:45:10:398;2;0;0;;0;0;(System.Collections.Generic.List`1[System.String]);();(-2000.0, -2000.0);
09:45:10:431;2;0;0;;0;0;(System.Collections.Generic.List`1[System.String]);();(-2000.0, -2000.0);
09:45:10:448;2;0;0;;0;0;(System.Collections.Generic.List`1[System.String]);();(-2000.0, -2000.0);
09:45:10:465;2;0;0;;0;0;(System.Collections.Generic.List`1[System.String]);();(-2000.0, -2000.0);
09:45:10:481;2;0;0;;0;0;(System.Collections.Generic.List`1[System.String]);();(-2000.0, -2000.0);
09:45:10:498;2;0;0;;0;0;(System.Collections.Generic.List`1[System.String]);();(-2000.0, -2000.0);
09:45:10:531;2;0;0;;0;0;(System.Collections.Generic.List`1[System.String]);();(-2000.0, -2000.0);
09:45:10:547;2;0;0;;0;0;(System.Collections.Generic.List`1[System.String]);();(-2000.0, -2000.0);
09:45:10:565;2;0;0;;0;0;(System.Collections.Generic.List`1[System.String]);();(-2000.0, -2000.0);
09:45:10:580;2;0;0;;0;0;(System.Collections.Generic.List`1[System.String]);();(-2000.0, -2000.0);
09:45:10:597;2;0;0;;0;0;(System.Collections.Generic.List`1[System.String]);();(-2000.0, -2000.0);
09:45:10:630;2;0;0;;0;0;(System.Collections.Generic.List`1[System.String]);();(-2000.0, -2000.0);
09:45:10:647;2;0;0;;0;0;(System.Collections.Generic.List`1[System.String]);();(-2000.0, -2000.0);
09:45:10:663;2;0;0;;0;0;(System.Collections.Generic.List`1[System.String]);();(-2000.0, -2000.0);
09:45:10:683;2;0;0;;0;0;(System.Collections.Generic.List`1[System.String]);();(-2000.0, -2000.0);
09:45:10:701;2;0;0;;0;0;(System.Collections.Generic.List`1[System.String]);();(-2000.0, -2000.0);
09:45:10:717;2;0;0;;0;0;(System.Collections.Generic.List`1[System.String]);();(-2000.0, -2000.0);
09:45:10:750;2;0;0;;0;0;(System.Collections.Generic.List`1[System.String]);();(-2000.0, -2000.0);
09:45:10:768;2;0;0;;0;0;(System.Collections.Generic.List`1[System.String]);();(-2000.0, -2000.0);
09:45:10:783;2;0;0;;0;0;(System.Collections.Generic.List`1[System.String]);();(-2000.0, -2000.0);
09:45:10:800;2;0;0;;0;0;(System.Collections.Generic.List`1[System.String]);();(-2000.0, -2000.0);
09:45:10:818;2;0;0;;0;0;(System.Collections.Generic.List`1[System.String]);();(-2000.0, -2000.0);
09:45:10:850;2;0;0;;0;0;(System.Collections.Generic.List`1[System.String]);();(-2000.0, -2000.0);
09:45:10:866;2;0;0;;0;0;(System.Collections.Generic.List`1[System.String]);();(-2000.0, -2000.0);
09:45:10:891;2;0;0;;0;0;(System.Collections.Generic.List`1[System.String]);();(-2000.0, -2000.0);
09:45:10:908;2;0;0;;0;0;(System.Collections.Generic.List`1[System.String]);();(-2000.0, -2000.0);
09:45:10:924;2;0;0;;0;0;(System.Collections.Generic.List`1[System.String]);();(-2000.0, -2000.0);
09:45:10:940;2;0;0;;0;0;(System.Collections.Generic.List`1[System.String]);();(-2000.0, -2000.0);
09:45:10:957;2;0;0;;0;0;(System.Collections.Generic.List`1[System.String]);();(-2000.0, -2000.0);
09:45:10:991;2;0;0;;0;0;(System.Collections.Generic.List`1[System.String]);();(-2000.0, -2000.0);
09:45:11:007;2;0;0;;0;0;(System.Collections.Generic.List`1[System.String]);();(-2000.0, -2000.0);
09:45:11:023;2;0;0;;0;0;(System.Collections.Generic.List`1[System.String]);();(-2000.0, -2000.0);
09:45:11:040;2;0;0;;0;0;(System.Collections.Generic.List`1[System.String]);();(-2000.0, -2000.0);
09:45:11:074;2;0;0;;0;0;(System.Collections.Generic.List`1[System.String]);();(-2000.0, -2000.0);
09:45:11:092;2;0;0;;0;0;(System.Collections.Generic.List`1[System.String]);();(-2000.0, -2000.0);
09:45:11:110;2;0;0;;0;0;(System.Collections.Generic.List`1[System.String]);();(-2000.0, -2000.0);
09:45:11:127;2;0;0;;0;0;(System.Collections.Generic.List`1[System.String]);();(-2000.0, -2000.0);
09:45:11:144;2;0;0;;0;0;(System.Collections.Generic.List`1[System.String]);();(-2000.0, -2000.0);
09:45:11:160;2;0;0;;0;0;(System.Collections.Generic.List`1[System.String]);();(-2000.0, -2000.0);
09:45:11:177;2;0;0;;0;0;(System.Collections.Generic.List`1[System.String]);();(-2000.0, -2000.0);
09:45:11:210;2;0;0;;0;0;(System.Collections.Generic.List`1[System.String]);();(-2000.0, -2000.0);
09:45:11:227;2;0;0;;0;0;(System.Collections.Generic.List`1[System.String]);();(-2000.0, -2000.0);
09:45:11:243;2;0;0;;0;0;(System.Collections.Generic.List`1[System.String]);();(-2000.0, -2000.0);
09:45:11:260;2;0;0;;0;0;(System.Collections.Generic.List`1[System.String]);();(-2000.0, -2000.0);
09:45:11:298;2;0;0;;0;0;(System.Collections.Generic.List`1[System.String]);();(-2000.0, -2000.0);
09:45:11:303;2;0;0;;0;0;(System.Collections.Generic.List`1[System.String]);();(-2000.0, -2000.0);
09:45:11:331;2;0;0;;0;0;(System.Collections.Generic.List`1[System.String]);();(-2000.0, -2000.0);
09:45:11:348;2;0;0;;0;0;(System.Collections.Generic.List`1[System.String]);();(-2000.0, -2000.0);
09:45:11:366;2;0;0;;0;0;(System.Collections.Generic.List`1[System.String]);();(-2000.0, -2000.0);
09:45:11:381;2;0;0;;0;0;(System.Collections.Generic.List`1[System.String]);();(-2000.0, -2000.0);
09:45:11:398;2;0;0;;0;0;(System.Collections.Generic.List`1[System.String]);();(-2000.0, -2000.0);
09:45:11:432;2;0;0;;0;0;(System.Collections.Generic.List`1[System.String]);();(-2000.0, -2000.0);
09:45:11:447;2;0;0;;0;0;(System.Collections.Generic.List`1[System.String]);();(-2000.0, -2000.0);
09:45:11:464;2;0;0;;0;0;(System.Collections.Generic.List`1[System.String]);();(-2000.0, -2000.0);
09:45:11:482;2;0;0;;0;0;(System.Collections.Generic.List`1[System.String]);();(-2000.0, -2000.0);
09:45:11:500;2;0;0;;0;0;(System.Collections.Generic.List`1[System.String]);();(-2000.0, -2000.0);
09:45:11:518;2;0;0;;0;0;(System.Collections.Generic.List`1[System.String]);();(-2000.0, -2000.0);
09:45:11:552;2;0;0;;0;0;(System.Collections.Generic.List`1[System.String]);();(-2000.0, -2000.0);
09:45:11:569;2;0;0;;0;0;(System.Collections.Generic.List`1[System.String]);();(-2000.0, -2000.0);
09:45:11:585;2;0;0;;0;0;(System.Collections.Generic.List`1[System.String]);();(-2000.0, -2000.0);
09:45:11:601;2;0;0;;0;0;(System.Collections.Generic.List`1[System.String]);();(-2000.0, -2000.0);
09:45:11:618;2;0;0;;0;0;(System.Collections.Generic.List`1[System.String]);();(-2000.0, -2000.0);
09:45:11:652;2;0;0;;0;0;(System.Collections.Generic.List`1[System.String]);();(-2000.0, -2000.0);
09:45:11:668;2;0;0;;0;0;(System.Collections.Generic.List`1[System.String]);();(-2000.0, -2000.0);
09:45:11:684;2;0;0;;0;0;(System.Collections.Generic.List`1[System.String]);();(-2000.0, -2000.0);
09:45:11:709;2;0;0;;0;0;(System.Collections.Generic.List`1[System.String]);();(-2000.0, -2000.0);
09:45:11:726;2;0;0;;0;0;(System.Collections.Generic.List`1[System.String]);();(-2000.0, -2000.0);
09:45:11:744;2;0;0;;0;0;(System.Collections.Generic.List`1[System.String]);();(-2000.0, -2000.0);
09:45:11:761;2;0;0;;0;0;(System.Collections.Generic.List`1[System.String]);();(-2000.0, -2000.0);
09:45:11:779;2;0;0;;0;0;(System.Collections.Generic.List`1[System.String]);();(-2000.0, -2000.0);
09:45:11:814;2;0;0;;0;0;(System.Collections.Generic.List`1[System.String]);();(-2000.0, -2000.0);
09:45:11:827;2;0;0;;0;0;(System.Collections.Generic.List`1[System.String]);();(-2000.0, -2000.0);
09:45:11:845;2;0;0;;0;0;(System.Collections.Generic.List`1[System.String]);();(-2000.0, -2000.0);
09:45:11:861;2;0;0;;0;0;(System.Collections.Generic.List`1[System.String]);();(-2000.0, -2000.0);
09:45:11:885;2;0;0;;0;0;(System.Collections.Generic.List`1[System.String]);();(-2000.0, -2000.0);
09:45:11:933;2;0;0;;0;0;(System.Collections.Generic.List`1[System.String]);();(-2000.0, -2000.0);
09:45:11:938;2;0;0;;0;0;(System.Collections.Generic.List`1[System.String]);();(-2000.0, -2000.0);
09:45:11:950;2;0;0;;0;0;(System.Collections.Generic.List`1[System.String]);();(-2000.0, -2000.0);
09:45:11:967;2;0;0;;0;0;(System.Collections.Generic.List`1[System.String]);();(-2000.0, -2000.0);
09:45:11:983;2;0;0;;0;0;(System.Collections.Generic.List`1[System.String]);();(-2000.0, -2000.0);
09:45:11:999;2;0;0;;0;0;(System.Collections.Generic.List`1[System.String]);();(-2000.0, -2000.0);
09:45:12:032;2;0;0;;0;0;(System.Collections.Generic.List`1[System.String]);();(-2000.0, -2000.0);
09:45:12:049;2;0;0;;0;0;(System.Collections.Generic.List`1[System.String]);();(-2000.0, -2000.0);
09:45:12:066;2;0;0;;0;0;(System.Collections.Generic.List`1[System.String]);();(-2000.0, -2000.0);
09:45:12:082;2;0;0;;0;0;(System.Collections.Generic.List`1[System.String]);();(-2000.0, -2000.0);
09:45:12:099;2;0;0;;0;0;(System.Collections.Generic.List`1[System.String]);();(-2000.0, -2000.0);
09:45:12:135;2;0;0;;0;0;(System.Collections.Generic.List`1[System.String]);();(-2000.0, -2000.0);
09:45:12:153;2;0;0;;0;0;(System.Collections.Generic.List`1[System.String]);();(-2000.0, -2000.0);
09:45:12:169;2;0;0;;0;0;(System.Collections.Generic.List`1[System.String]);();(-2000.0, -2000.0);
09:45:12:186;2;0;0;;0;0;(System.Collections.Generic.List`1[System.String]);();(-2000.0, -2000.0);
09:45:12:203;2;0;0;;0;0;(System.Collections.Generic.List`1[System.String]);();(-2000.0, -2000.0);
09:45:12:219;2;0;0;;0;0;(System.Collections.Generic.List`1[System.String]);();(-2000.0, -2000.0);
09:45:12:252;2;0;0;;0;0;(System.Collections.Generic.List`1[System.String]);();(-2000.0, -2000.0);
09:45:12:269;2;0;0;;0;0;(System.Collections.Generic.List`1[System.String]);();(-2000.0, -2000.0);
09:45:12:285;2;0;0;;0;0;(System.Collections.Generic.List`1[System.String]);();(-2000.0, -2000.0);
09:45:12:303;2;0;0;;0;0;(System.Collections.Generic.List`1[System.String]);();(-2000.0, -2000.0);
09:45:12:326;2;0;0;;0;0;(System.Collections.Generic.List`1[System.String]);();(-2000.0, -2000.0);
09:45:12:343;2;0;0;;0;0;(System.Collections.Generic.List`1[System.String]);();(-2000.0, -2000.0);
09:45:12:360;2;0;0;;0;0;(System.Collections.Generic.List`1[System.String]);();(-2000.0, -2000.0);
09:45:12:377;2;0;0;;0;0;(System.Collections.Generic.List`1[System.String]);();(-2000.0, -2000.0);
09:45:12:410;2;0;0;;0;0;(System.Collections.Generic.List`1[System.String]);();(-2000.0, -2000.0);
09:45:12:426;2;0;0;;0;0;(System.Collections.Generic.List`1[System.String]);();(-2000.0, -2000.0);
09:45:12:443;2;0;0;;0;0;(System.Collections.Generic.List`1[System.String]);();(-2000.0, -2000.0);
09:45:12:461;2;0;0;;0;0;(System.Collections.Generic.List`1[System.String]);();(-2000.0, -2000.0);
09:45:12:493;2;0;0;;0;0;(System.Collections.Generic.List`1[System.String]);();(-2000.0, -2000.0);
09:45:12:509;2;0;0;;0;0;(System.Collections.Generic.List`1[System.String]);();(-2000.0, -2000.0);
09:45:12:531;2;0;0;;0;0;(System.Collections.Generic.List`1[System.String]);();(-2000.0, -2000.0);
09:45:12:550;2;0;0;;0;0;(System.Collections.Generic.List`1[System.String]);();(-2000.0, -2000.0);
09:45:12:566;2;0;0;;0;0;(System.Collections.Generic.List`1[System.String]);();(-2000.0, -2000.0);
09:45:12:583;2;0;0;;0;0;(System.Collections.Generic.List`1[System.String]);();(-2000.0, -2000.0);
09:45:12:606;4;0;0;;0;0;(System.Collections.Generic.List`1[System.String]);();(-2000.0, -2000.0);
09:45:12:617;4;0;0;;0;0;(System.Collections.Generic.List`1[System.String]);();(-2000.0, -2000.0);
09:45:12:649;4;0;0;;0;0;(System.Collections.Generic.List`1[System.String]);();(-2000.0, -2000.0);
09:45:12:666;4;0;0;;0;0;(System.Collections.Generic.List`1[System.String]);();(-2000.0, -2000.0);
09:45:12:682;4;0;0;;0;0;(System.Collections.Generic.List`1[System.String]);();(-2000.0, -2000.0);
09:45:12:699;4;0;0;;0;0;(System.Collections.Generic.List`1[System.String]);();(-2000.0, -2000.0);
09:45:12:748;4;0;0;;0;0;(System.Collections.Generic.List`1[System.String]);();(-2000.0, -2000.0);
09:45:12:753;4;0;0;;0;0;(System.Collections.Generic.List`1[System.String]);();(-2000.0, -2000.0);
09:45:12:765;4;0;0;;0;0;(System.Collections.Generic.List`1[System.String]);();(-2000.0, -2000.0);
09:45:12:781;4;0;0;;0;0;(System.Collections.Generic.List`1[System.String]);();(-2000.0, -2000.0);
09:45:12:798;4;0;0;;0;0;(System.Collections.Generic.List`1[System.String]);();(-2000.0, -2000.0);
09:45:12:831;4;0;0;;0;0;(System.Collections.Generic.List`1[System.String]);();(-2000.0, -2000.0);
09:45:12:847;4;0;0;;0;0;(System.Collections.Generic.List`1[System.String]);();(-2000.0, -2000.0);
09:45:12:864;4;0;0;;0;0;(System.Collections.Generic.List`1[System.String]);();(-2000.0, -2000.0);
09:45:12:881;4;0;0;;0;0;(System.Collections.Generic.List`1[System.String]);();(-2000.0, -2000.0);
09:45:12:897;4;0;0;;0;0;(System.Collections.Generic.List`1[System.String]);();(-2000.0, -2000.0);
09:45:12:932;4;0;0;;0;0;(System.Collections.Generic.List`1[System.String]);();(-2000.0, -2000.0);
09:45:12:959;4;0;0;;0;0;(System.Collections.Generic.List`1[System.String]);();(-2000.0, -2000.0);
09:45:12:962;4;0;0;;0;0;(System.Collections.Generic.List`1[System.String]);();(-2000.0, -2000.0);
09:45:12:978;4;0;0;;0;0;(System.Collections.Generic.List`1[System.String]);();(-2000.0, -2000.0);
09:45:13:011;4;0;0;;0;0;(System.Collections.Generic.List`1[System.String]);();(-2000.0, -2000.0);
09:45:13:029;4;0;0;;0;0;(System.Collections.Generic.List`1[System.String]);();(-2000.0, -2000.0);
09:45:13:045;4;0;0;;0;0;(System.Collections.Generic.List`1[System.String]);();(-2000.0, -2000.0);
09:45:13:061;4;0;0;;0;0;(System.Collections.Generic.List`1[System.String]);();(-2000.0, -2000.0);
09:45:13:078;4;0;0;;0;0;(System.Collections.Generic.List`1[System.String]);();(-2000.0, -2000.0);
09:45:13:111;4;0;0;;0;0;(System.Collections.Generic.List`1[System.String]);();(-2000.0, -2000.0);
09:45:13:134;4;0;0;;0;0;(System.Collections.Generic.List`1[System.String]);();(-2000.0, -2000.0);
09:45:13:152;4;0;0;;0;0;(System.Collections.Generic.List`1[System.String]);();(-2000.0, -2000.0);
09:45:13:168;4;0;0;;0;0;(System.Collections.Generic.List`1[System.String]);();(-2000.0, -2000.0);
09:45:13:187;4;0;0;;0;0;(System.Collections.Generic.List`1[System.String]);();(-2000.0, -2000.0);
09:45:13:204;4;0;0;;0;0;(System.Collections.Generic.List`1[System.String]);();(-2000.0, -2000.0);
09:45:13:221;4;0;0;;0;0;(System.Collections.Generic.List`1[System.String]);();(-2000.0, -2000.0);
09:45:13:237;4;0;0;;0;0;(System.Collections.Generic.List`1[System.String]);();(-2000.0, -2000.0);
09:45:13:270;4;0;0;;0;0;(System.Collections.Generic.List`1[System.String]);();(-2000.0, -2000.0);
09:45:13:287;4;0;0;;0;0;(System.Collections.Generic.List`1[System.String]);();(-2000.0, -2000.0);
09:45:13:303;4;0;0;;0;0;(System.Collections.Generic.List`1[System.String]);();(-2000.0, -2000.0);
09:45:13:320;4;0;0;;0;0;(System.Collections.Generic.List`1[System.String]);();(-2000.0, -2000.0);
09:45:13:353;4;0;0;;0;0;(System.Collections.Generic.List`1[System.String]);();(-2000.0, -2000.0);
09:45:13:371;4;0;0;;0;0;(System.Collections.Generic.List`1[System.String]);();(-2000.0, -2000.0);
09:45:13:393;4;0;0;;0;0;(System.Collections.Generic.List`1[System.String]);();(-2000.0, -2000.0);
09:45:13:410;4;0;0;;0;0;(System.Collections.Generic.List`1[System.String]);();(-2000.0, -2000.0);
09:45:13:426;4;0;0;;0;0;(System.Collections.Generic.List`1[System.String]);();(-2000.0, -2000.0);
09:45:13:443;4;0;0;;0;0;(System.Collections.Generic.List`1[System.String]);();(-2000.0, -2000.0);
09:45:13:459;4;0;0;;0;0;(System.Collections.Generic.List`1[System.String]);();(-2000.0, -2000.0);
09:45:13:493;4;0;0;;0;0;(System.Collections.Generic.List`1[System.String]);();(-2000.0, -2000.0);
09:45:13:509;4;0;0;;0;0;(System.Collections.Generic.List`1[System.String]);();(-2000.0, -2000.0);
09:45:13:526;4;0;0;;0;0;(System.Collections.Generic.List`1[System.String]);();(-2000.0, -2000.0);
09:45:13:542;4;0;0;;0;0;(System.Collections.Generic.List`1[System.String]);();(-2000.0, -2000.0);
09:45:13:559;4;0;0;;0;0;(System.Collections.Generic.List`1[System.String]);();(-2000.0, -2000.0);
09:45:13:593;4;0;0;;0;0;(System.Collections.Generic.List`1[System.String]);();(-2000.0, -2000.0);
09:45:13:609;4;0;0;;0;0;(System.Collections.Generic.List`1[System.String]);();(-2000.0, -2000.0);
09:45:13:626;4;0;0;;0;0;(System.Collections.Generic.List`1[System.String]);();(-2000.0, -2000.0);
09:45:13:643;4;0;0;;0;0;(System.Collections.Generic.List`1[System.String]);();(-2000.0, -2000.0);
09:45:13:659;4;0;0;;0;0;(System.Collections.Generic.List`1[System.String]);();(-2000.0, -2000.0);
09:45:13:693;4;0;0;;0;0;(System.Collections.Generic.List`1[System.String]);();(-2000.0, -2000.0);
09:45:13:709;4;0;0;;0;0;(System.Collections.Generic.List`1[System.String]);();(-2000.0, -2000.0);
09:45:13:726;4;0;0;;0;0;(System.Collections.Generic.List`1[System.String]);();(-2000.0, -2000.0);
09:45:13:742;4;0;0;;0;0;(System.Collections.Generic.List`1[System.String]);();(-2000.0, -2000.0);
09:45:13:759;4;0;0;;0;0;(System.Collections.Generic.List`1[System.String]);();(-2000.0, -2000.0);
09:45:13:786;4;0;0;;0;0;(System.Collections.Generic.List`1[System.String]);();(-2000.0, -2000.0);
09:45:13:802;4;0;0;;0;0;(System.Collections.Generic.List`1[System.String]);();(-2000.0, -2000.0);
09:45:13:819;4;0;0;;0;0;(System.Collections.Generic.List`1[System.String]);();(-2000.0, -2000.0);
09:45:13:853;4;0;0;;0;0;(System.Collections.Generic.List`1[System.String]);();(-2000.0, -2000.0);
09:45:13:869;4;0;0;;0;0;(System.Collections.Generic.List`1[System.String]);();(-2000.0, -2000.0);
09:45:13:886;4;0;0;;0;0;(System.Collections.Generic.List`1[System.String]);();(-2000.0, -2000.0);
09:45:13:902;4;0;0;;0;0;(System.Collections.Generic.List`1[System.String]);();(-2000.0, -2000.0);
09:45:13:919;4;0;0;;0;0;(System.Collections.Generic.List`1[System.String]);();(-2000.0, -2000.0);
09:45:13:952;4;0;0;;0;0;(System.Collections.Generic.List`1[System.String]);();(-2000.0, -2000.0);
09:45:13:969;4;0;0;;0;0;(System.Collections.Generic.List`1[System.String]);();(-2000.0, -2000.0);
09:45:13:992;4;0;0;;0;0;(System.Collections.Generic.List`1[System.String]);();(-2000.0, -2000.0);
09:45:14:009;4;0;0;;0;0;(System.Collections.Generic.List`1[System.String]);();(-2000.0, -2000.0);
09:45:14:025;4;0;0;;0;0;(System.Collections.Generic.List`1[System.String]);();(-2000.0, -2000.0);
09:45:14:042;4;0;0;;0;0;(System.Collections.Generic.List`1[System.String]);();(-2000.0, -2000.0);
09:45:14:058;4;0;0;;0;0;(System.Collections.Generic.List`1[System.String]);();(-2000.0, -2000.0);
09:45:14:092;4;0;0;;0;0;(System.Collections.Generic.List`1[System.String]);();(-2000.0, -2000.0);
09:45:14:108;4;0;0;;0;0;(System.Collections.Generic.List`1[System.String]);();(-2000.0, -2000.0);
09:45:14:125;4;0;0;;0;0;(System.Collections.Generic.List`1[System.String]);();(-2000.0, -2000.0);
09:45:14:141;4;0;0;;0;0;(System.Collections.Generic.List`1[System.String]);();(-2000.0, -2000.0);
09:45:14:158;4;0;0;;0;0;(System.Collections.Generic.List`1[System.String]);();(-2000.0, -2000.0);
09:45:14:195;4;0;0;;0;0;(System.Collections.Generic.List`1[System.String]);();(-2000.0, -2000.0);
09:45:14:211;4;0;0;;0;0;(System.Collections.Generic.List`1[System.String]);();(-2000.0, -2000.0);
09:45:14:228;4;0;0;;0;0;(System.Collections.Generic.List`1[System.String]);();(-2000.0, -2000.0);
09:45:14:245;4;0;0;;0;0;(System.Collections.Generic.List`1[System.String]);();(-2000.0, -2000.0);
09:45:14:261;4;0;0;;0;0;(System.Collections.Generic.List`1[System.String]);();(-2000.0, -2000.0);
09:45:14:278;4;0;0;;0;0;(System.Collections.Generic.List`1[System.String]);();(-2000.0, -2000.0);
09:45:14:312;4;0;0;;0;0;(System.Collections.Generic.List`1[System.String]);();(-2000.0, -2000.0);
09:45:14:328;4;0;0;;0;0;(System.Collections.Generic.List`1[System.String]);();(-2000.0, -2000.0);
09:45:14:344;4;0;0;;0;0;(System.Collections.Generic.List`1[System.String]);();(-2000.0, -2000.0);
09:45:14:361;4;0;0;;0;0;(System.Collections.Generic.List`1[System.String]);();(-2000.0, -2000.0);
09:45:14:377;4;0;0;;0;0;(System.Collections.Generic.List`1[System.String]);();(-2000.0, -2000.0);
09:45:14:398;4;0;0;;0;0;(System.Collections.Generic.List`1[System.String]);();(-2000.0, -2000.0);
09:45:14:418;4;0;0;;0;0;(System.Collections.Generic.List`1[System.String]);();(-2000.0, -2000.0);
09:45:14:453;4;0;0;;0;0;(System.Collections.Generic.List`1[System.String]);();(-2000.0, -2000.0);
09:45:14:468;4;0;0;;0;0;(System.Collections.Generic.List`1[System.String]);();(-2000.0, -2000.0);
09:45:14:485;4;0;0;;0;0;(System.Collections.Generic.List`1[System.String]);();(-2000.0, -2000.0);
09:45:14:501;4;0;0;;0;0;(System.Collections.Generic.List`1[System.String]);();(-2000.0, -2000.0);
09:45:14:518;4;0;0;;0;0;(System.Collections.Generic.List`1[System.String]);();(-2000.0, -2000.0);
09:45:14:551;4;0;0;;0;0;(System.Collections.Generic.List`1[System.String]);();(-2000.0, -2000.0);
09:45:14:568;4;0;0;;0;0;(System.Collections.Generic.List`1[System.String]);();(-2000.0, -2000.0);
09:45:14:584;4;0;0;;0;0;(System.Collections.Generic.List`1[System.String]);();(-2000.0, -2000.0);
09:45:14:612;4;0;0;;0;0;(System.Collections.Generic.List`1[System.String]);();(-2000.0, -2000.0);
09:45:14:628;4;0;0;;0;0;(System.Collections.Generic.List`1[System.String]);();(-2000.0, -2000.0);
09:45:14:645;4;0;0;;0;0;(System.Collections.Generic.List`1[System.String]);();(-2000.0, -2000.0);
09:45:14:662;4;0;0;;0;0;(System.Collections.Generic.List`1[System.String]);();(-2000.0, -2000.0);
09:45:14:679;4;0;0;;0;0;(System.Collections.Generic.List`1[System.String]);();(-2000.0, -2000.0);
09:45:14:713;4;0;0;;0;0;(System.Collections.Generic.List`1[System.String]);();(-2000.0, -2000.0);
09:45:14:728;4;0;0;;0;0;(System.Collections.Generic.List`1[System.String]);();(-2000.0, -2000.0);
09:45:14:745;4;0;0;;0;0;(System.Collections.Generic.List`1[System.String]);();(-2000.0, -2000.0);
09:45:14:761;4;0;0;;0;0;(System.Collections.Generic.List`1[System.String]);();(-2000.0, -2000.0);
09:45:14:779;4;0;0;;0;0;(System.Collections.Generic.List`1[System.String]);();(-2000.0, -2000.0);
09:45:14:812;4;0;0;;0;0;(System.Collections.Generic.List`1[System.String]);();(-2000.0, -2000.0);
09:45:14:833;4;0;0;;0;0;(System.Collections.Generic.List`1[System.String]);();(-2000.0, -2000.0);
09:45:14:850;4;0;0;;0;0;(System.Collections.Generic.List`1[System.String]);();(-2000.0, -2000.0);
09:45:14:867;4;0;0;;0;0;(System.Collections.Generic.List`1[System.String]);();(-2000.0, -2000.0);
09:45:14:883;4;0;0;;0;0;(System.Collections.Generic.List`1[System.String]);();(-2000.0, -2000.0);
09:45:14:901;4;0;0;;0;0;(System.Collections.Generic.List`1[System.String]);();(-2000.0, -2000.0);
09:45:14:917;4;0;0;;0;0;(System.Collections.Generic.List`1[System.String]);();(-2000.0, -2000.0);
09:45:14:949;4;0;0;;0;0;(System.Collections.Generic.List`1[System.String]);();(-2000.0, -2000.0);
09:45:14:966;4;0;0;;0;0;(System.Collections.Generic.List`1[System.String]);();(-2000.0, -2000.0);
09:45:14:982;4;0;0;;0;0;(System.Collections.Generic.List`1[System.String]);();(-2000.0, -2000.0);
09:45:14:999;4;0;0;;0;0;(System.Collections.Generic.List`1[System.String]);();(-2000.0, -2000.0);
09:45:15:024;4;0;0;;0;0;(System.Collections.Generic.List`1[System.String]);();(-2000.0, -2000.0);
09:45:15:041;4;0;0;;0;0;(System.Collections.Generic.List`1[System.String]);();(-2000.0, -2000.0);
09:45:15:057;4;0;0;;0;0;(System.Collections.Generic.List`1[System.String]);();(-2000.0, -2000.0);
09:45:15:091;4;0;0;;0;0;(System.Collections.Generic.List`1[System.String]);();(-2000.0, -2000.0);
09:45:15:107;4;0;0;;0;0;(System.Collections.Generic.List`1[System.String]);();(-2000.0, -2000.0);
09:45:15:124;4;0;0;;0;0;(System.Collections.Generic.List`1[System.String]);();(-2000.0, -2000.0);
09:45:15:140;4;0;0;;0;0;(System.Collections.Generic.List`1[System.String]);();(-2000.0, -2000.0);
09:45:15:157;4;0;0;;0;0;(System.Collections.Generic.List`1[System.String]);();(-2000.0, -2000.0);
09:45:15:190;4;0;0;;0;0;(System.Collections.Generic.List`1[System.String]);();(-2000.0, -2000.0);
09:45:15:207;4;0;0;;0;0;(System.Collections.Generic.List`1[System.String]);();(-2000.0, -2000.0);
09:45:15:227;4;0;0;;0;0;(System.Collections.Generic.List`1[System.String]);();(-2000.0, -2000.0);
09:45:15:244;4;0;0;;0;0;(System.Collections.Generic.List`1[System.String]);();(-2000.0, -2000.0);
09:45:15:263;4;0;0;;0;0;(System.Collections.Generic.List`1[System.String]);();(-2000.0, -2000.0);
09:45:15:280;4;0;0;;0;0;(System.Collections.Generic.List`1[System.String]);();(-2000.0, -2000.0);
09:45:15:314;4;0;0;;0;0;(System.Collections.Generic.List`1[System.String]);();(-2000.0, -2000.0);
09:45:15:329;4;0;0;;0;0;(System.Collections.Generic.List`1[System.String]);();(-2000.0, -2000.0);
09:45:15:346;4;0;0;;0;0;(System.Collections.Generic.List`1[System.String]);();(-2000.0, -2000.0);
09:45:15:362;4;0;0;;0;0;(System.Collections.Generic.List`1[System.String]);();(-2000.0, -2000.0);
09:45:15:379;4;0;0;;0;0;(System.Collections.Generic.List`1[System.String]);();(-2000.0, -2000.0);
09:45:15:414;4;0;0;;0;0;(System.Collections.Generic.List`1[System.String]);();(-2000.0, -2000.0);
09:45:15:432;4;0;0;;0;0;(System.Collections.Generic.List`1[System.String]);();(-2000.0, -2000.0);
09:45:15:449;4;0;0;;0;0;(System.Collections.Generic.List`1[System.String]);();(-2000.0, -2000.0);
09:45:15:465;4;0;0;;0;0;(System.Collections.Generic.List`1[System.String]);();(-2000.0, -2000.0);
09:45:15:483;4;0;0;;0;0;(System.Collections.Generic.List`1[System.String]);();(-2000.0, -2000.0);
09:45:15:498;4;0;0;;0;0;(System.Collections.Generic.List`1[System.String]);();(-2000.0, -2000.0);
09:45:15:531;4;0;0;;0;0;(System.Collections.Generic.List`1[System.String]);();(-2000.0, -2000.0);
09:45:15:548;4;0;0;;0;0;(System.Collections.Generic.List`1[System.String]);();(-2000.0, -2000.0);
09:45:15:565;4;0;0;;0;0;(System.Collections.Generic.List`1[System.String]);();(-2000.0, -2000.0);
09:45:15:582;4;0;0;;0;0;(System.Collections.Generic.List`1[System.String]);();(-2000.0, -2000.0);
09:45:15:615;4;0;0;;0;0;(System.Collections.Generic.List`1[System.String]);();(-2000.0, -2000.0);
09:45:15:651;4;0;0;;0;0;(System.Collections.Generic.List`1[System.String]);();(-2000.0, -2000.0);
09:45:15:655;4;0;0;;0;0;(System.Collections.Generic.List`1[System.String]);();(-2000.0, -2000.0);
09:45:15:668;4;0;0;;0;0;(System.Collections.Generic.List`1[System.String]);();(-2000.0, -2000.0);
09:45:15:684;4;0;0;;0;0;(System.Collections.Generic.List`1[System.String]);();(-2000.0, -2000.0);
09:45:15:701;4;0;0;;0;0;(System.Collections.Generic.List`1[System.String]);();(-2000.0, -2000.0);
