%Timestamp,timestamp_write;nplanes;listofAirplanesonScreen;lastAction;lastActionDetails;lastActionAirplaneNumber;calculatedScore;positiveScore;negativeScore;collidedAirplaneNumbers;targetPositions;collisionPoint
03:34:01:118;0;0;0;0;0;0;0;0;0;();(0.0, 0.0);
03:34:01:428;0;0;0;0;0;0;0;0;0;();(-2000.0, -2000.0);
03:34:04:602;0;0;0;0;0;0;0;0;0;();(-2000.0, -2000.0);
03:34:04:612;0;0;0;0;0;0;0;0;0;();(-2000.0, -2000.0);
03:34:04:619;0;0;0;0;0;0;0;0;0;();(-2000.0, -2000.0);
03:34:04:625;0;0;0;0;0;0;0;0;0;();(-2000.0, -2000.0);
03:34:04:632;0;0;0;0;0;0;0;0;0;();(-2000.0, -2000.0);
03:34:04:635;0;0;0;0;0;0;0;0;0;();(-2000.0, -2000.0);
03:34:04:638;0;0;0;0;0;0;0;0;0;();(-2000.0, -2000.0);
03:34:04:641;0;0;0;0;0;0;0;0;0;();(-2000.0, -2000.0);
03:34:04:644;0;0;0;0;0;0;0;0;0;();(-2000.0, -2000.0);
03:34:04:647;0;0;0;0;0;0;0;0;0;();(-2000.0, -2000.0);
03:34:04:650;0;0;0;0;0;0;0;0;0;();(-2000.0, -2000.0);
03:34:04:653;0;0;0;0;0;0;0;0;0;();(-2000.0, -2000.0);
03:34:04:656;0;0;0;0;0;0;0;0;0;();(-2000.0, -2000.0);
03:34:04:658;0;0;0;0;0;0;0;0;0;();(-2000.0, -2000.0);
03:34:04:661;0;0;0;0;0;0;0;0;0;();(-2000.0, -2000.0);
03:34:04:666;0;0;0;0;0;0;0;0;0;();(-2000.0, -2000.0);
03:34:04:671;0;0;0;0;0;0;0;0;0;();(-2000.0, -2000.0);
03:34:04:674;0;0;0;0;0;0;0;0;0;();(-2000.0, -2000.0);
03:34:04:677;0;0;0;0;0;0;0;0;0;();(-2000.0, -2000.0);
03:34:04:680;0;0;0;0;0;0;0;0;0;();(-2000.0, -2000.0);
03:34:04:686;0;0;0;0;0;0;0;0;0;();(-2000.0, -2000.0);
03:34:04:720;0;0;0;0;0;0;0;0;0;();(-2000.0, -2000.0);
03:34:04:736;0;0;0;0;0;0;0;0;0;();(-2000.0, -2000.0);
03:34:04:754;0;0;0;0;0;0;0;0;0;();(-2000.0, -2000.0);
03:34:04:772;0;0;0;0;0;0;0;0;0;();(-2000.0, -2000.0);
03:34:04:789;0;0;0;0;0;0;0;0;0;();(-2000.0, -2000.0);
03:34:04:822;0;0;0;0;0;0;0;0;0;();(-2000.0, -2000.0);
03:34:04:838;0;0;0;0;0;0;0;0;0;();(-2000.0, -2000.0);
03:34:04:853;0;0;0;0;0;0;0;0;0;();(-2000.0, -2000.0);
03:34:04:870;0;0;0;0;0;0;0;0;0;();(-2000.0, -2000.0);
03:34:04:887;0;0;0;0;0;0;0;0;0;();(-2000.0, -2000.0);
03:34:04:920;0;0;0;0;0;0;0;0;0;();(-2000.0, -2000.0);
03:34:04:936;0;0;0;0;0;0;0;0;0;();(-2000.0, -2000.0);
03:34:04:952;0;0;0;0;0;0;0;0;0;();(-2000.0, -2000.0);
03:34:04:970;0;0;0;0;0;0;0;0;0;();(-2000.0, -2000.0);
03:34:04:986;0;0;0;0;0;0;0;0;0;();(-2000.0, -2000.0);
03:34:05:022;0;0;0;0;0;0;0;0;0;();(-2000.0, -2000.0);
03:34:05:039;0;0;0;0;0;0;0;0;0;();(-2000.0, -2000.0);
03:34:05:055;0;0;0;0;0;0;0;0;0;();(-2000.0, -2000.0);
03:34:05:072;0;0;0;0;0;0;0;0;0;();(-2000.0, -2000.0);
03:34:05:089;0;0;0;0;0;0;0;0;0;();(-2000.0, -2000.0);
03:34:05:106;0;0;0;0;0;0;0;0;0;();(-2000.0, -2000.0);
03:34:05:139;0;0;0;0;0;0;0;0;0;();(-2000.0, -2000.0);
03:34:05:156;0;0;0;0;0;0;0;0;0;();(-2000.0, -2000.0);
03:34:05:173;0;0;0;0;0;0;0;0;0;();(-2000.0, -2000.0);
03:34:05:189;0;0;0;0;0;0;0;0;0;();(-2000.0, -2000.0);
03:34:05:223;0;0;0;0;0;0;0;0;0;();(-2000.0, -2000.0);
03:34:05:239;0;0;0;0;0;0;0;0;0;();(-2000.0, -2000.0);
03:34:05:256;0;0;0;0;0;0;0;0;0;();(-2000.0, -2000.0);
03:34:05:272;0;0;0;0;0;0;0;0;0;();(-2000.0, -2000.0);
03:34:05:289;0;0;0;0;0;0;0;0;0;();(-2000.0, -2000.0);
03:34:05:323;0;0;0;0;0;0;0;0;0;();(-2000.0, -2000.0);
03:34:05:339;0;0;0;0;0;0;0;0;0;();(-2000.0, -2000.0);
03:34:05:355;0;0;0;0;0;0;0;0;0;();(-2000.0, -2000.0);
03:34:05:372;0;0;0;0;0;0;0;0;0;();(-2000.0, -2000.0);
03:34:05:389;0;0;0;0;0;0;0;0;0;();(-2000.0, -2000.0);
03:34:05:422;0;0;0;0;0;0;0;0;0;();(-2000.0, -2000.0);
03:34:05:440;0;0;0;0;0;0;0;0;0;();(-2000.0, -2000.0);
03:34:05:453;0;0;0;0;0;0;0;0;0;();(-2000.0, -2000.0);
03:34:05:470;0;0;0;0;0;0;0;0;0;();(-2000.0, -2000.0);
03:34:05:487;0;0;0;0;0;0;0;0;0;();(-2000.0, -2000.0);
03:34:05:522;0;0;0;0;0;0;0;0;0;();(-2000.0, -2000.0);
03:34:05:537;0;0;0;0;0;0;0;0;0;();(-2000.0, -2000.0);
03:34:05:554;0;0;0;0;0;0;0;0;0;();(-2000.0, -2000.0);
03:34:05:571;0;0;0;0;0;0;0;0;0;();(-2000.0, -2000.0);
03:34:05:587;0;0;0;0;0;0;0;0;0;();(-2000.0, -2000.0);
03:34:05:620;0;0;0;0;0;0;0;0;0;();(-2000.0, -2000.0);
03:34:05:637;0;0;0;0;0;0;0;0;0;();(-2000.0, -2000.0);
03:34:05:653;0;0;0;0;0;0;0;0;0;();(-2000.0, -2000.0);
03:34:05:670;0;0;0;0;0;0;0;0;0;();(-2000.0, -2000.0);
03:34:05:687;0;0;0;0;0;0;0;0;0;();(-2000.0, -2000.0);
03:34:05:720;0;0;0;0;0;0;0;0;0;();(-2000.0, -2000.0);
03:34:05:737;0;0;0;0;0;0;0;0;0;();(-2000.0, -2000.0);
03:34:05:754;0;0;0;0;0;0;0;0;0;();(-2000.0, -2000.0);
03:34:05:771;0;0;0;0;0;0;0;0;0;();(-2000.0, -2000.0);
03:34:05:787;0;0;0;0;0;0;0;0;0;();(-2000.0, -2000.0);
03:34:05:820;0;0;0;0;0;0;0;0;0;();(-2000.0, -2000.0);
03:34:05:840;0;0;0;0;0;0;0;0;0;();(-2000.0, -2000.0);
03:34:05:856;0;0;0;0;0;0;0;0;0;();(-2000.0, -2000.0);
03:34:05:871;0;0;0;0;0;0;0;0;0;();(-2000.0, -2000.0);
03:34:05:887;0;0;0;0;0;0;0;0;0;();(-2000.0, -2000.0);
03:34:05:921;0;0;0;0;0;0;0;0;0;();(-2000.0, -2000.0);
03:34:05:937;0;0;0;0;0;0;0;0;0;();(-2000.0, -2000.0);
03:34:05:954;0;0;0;0;0;0;0;0;0;();(-2000.0, -2000.0);
03:34:05:972;0;0;0;0;0;0;0;0;0;();(-2000.0, -2000.0);
03:34:05:988;0;0;0;0;0;0;0;0;0;();(-2000.0, -2000.0);
03:34:06:021;0;0;0;0;0;0;0;0;0;();(-2000.0, -2000.0);
03:34:06:037;0;0;0;0;0;0;0;0;0;();(-2000.0, -2000.0);
03:34:06:054;0;0;0;0;0;0;0;0;0;();(-2000.0, -2000.0);
03:34:06:071;0;0;0;0;0;0;0;0;0;();(-2000.0, -2000.0);
03:34:06:087;0;0;0;0;0;0;0;0;0;();(-2000.0, -2000.0);
03:34:06:104;0;0;0;0;0;0;0;0;0;();(-2000.0, -2000.0);
03:34:06:137;0;0;0;0;0;0;0;0;0;();(-2000.0, -2000.0);
03:34:06:154;0;0;0;0;0;0;0;0;0;();(-2000.0, -2000.0);
03:34:06:170;0;0;0;0;0;0;0;0;0;();(-2000.0, -2000.0);
03:34:06:188;0;0;0;0;0;0;0;0;0;();(-2000.0, -2000.0);
03:34:06:221;0;0;0;0;0;0;0;0;0;();(-2000.0, -2000.0);
03:34:06:237;0;0;0;0;0;0;0;0;0;();(-2000.0, -2000.0);
03:34:06:256;0;0;0;0;0;0;0;0;0;();(-2000.0, -2000.0);
03:34:06:273;0;0;0;0;0;0;0;0;0;();(-2000.0, -2000.0);
03:34:06:289;0;0;0;0;0;0;0;0;0;();(-2000.0, -2000.0);
03:34:06:307;0;0;0;0;0;0;0;0;0;();(-2000.0, -2000.0);
03:34:06:340;0;0;0;0;0;0;0;0;0;();(-2000.0, -2000.0);
03:34:06:357;0;0;0;0;0;0;0;0;0;();(-2000.0, -2000.0);
03:34:06:373;0;0;0;0;0;0;0;0;0;();(-2000.0, -2000.0);
03:34:06:389;0;0;0;0;0;0;0;0;0;();(-2000.0, -2000.0);
03:34:06:406;0;0;0;0;0;0;0;0;0;();(-2000.0, -2000.0);
03:34:06:440;0;0;0;0;0;0;0;0;0;();(-2000.0, -2000.0);
03:34:06:456;0;0;0;0;0;0;0;0;0;();(-2000.0, -2000.0);
03:34:06:474;0;0;0;0;0;0;0;0;0;();(-2000.0, -2000.0);
03:34:06:490;0;0;0;0;0;0;0;0;0;();(-2000.0, -2000.0);
03:34:06:504;0;0;0;0;0;0;0;0;0;();(-2000.0, -2000.0);
03:34:06:540;0;0;0;0;0;0;0;0;0;();(-2000.0, -2000.0);
03:34:06:557;0;0;0;0;0;0;0;0;0;();(-2000.0, -2000.0);
03:34:06:573;0;0;0;0;0;0;0;0;0;();(-2000.0, -2000.0);
03:34:06:589;0;0;0;0;0;0;0;0;0;();(-2000.0, -2000.0);
03:34:06:604;0;0;0;0;0;0;0;0;0;();(-2000.0, -2000.0);
03:34:06:638;0;0;0;0;0;0;0;0;0;();(-2000.0, -2000.0);
03:34:06:658;0;0;0;0;0;0;0;0;0;();(-2000.0, -2000.0);
03:34:06:673;0;0;0;0;0;0;0;0;0;();(-2000.0, -2000.0);
03:34:06:690;0;0;0;0;0;0;0;0;0;();(-2000.0, -2000.0);
03:34:06:707;0;0;0;0;0;0;0;0;0;();(-2000.0, -2000.0);
03:34:06:740;0;0;0;0;0;0;0;0;0;();(-2000.0, -2000.0);
03:34:06:756;0;0;0;0;0;0;0;0;0;();(-2000.0, -2000.0);
03:34:06:773;0;0;0;0;0;0;0;0;0;();(-2000.0, -2000.0);
03:34:06:790;0;0;0;0;0;0;0;0;0;();(-2000.0, -2000.0);
03:34:06:807;0;0;0;0;0;0;0;0;0;();(-2000.0, -2000.0);
03:34:06:841;0;0;0;0;0;0;0;0;0;();(-2000.0, -2000.0);
03:34:06:857;0;0;0;0;0;0;0;0;0;();(-2000.0, -2000.0);
03:34:06:874;0;0;0;0;0;0;0;0;0;();(-2000.0, -2000.0);
03:34:06:891;0;0;0;0;0;0;0;0;0;();(-2000.0, -2000.0);
03:34:06:906;0;0;0;0;0;0;0;0;0;();(-2000.0, -2000.0);
03:34:06:941;0;0;0;0;0;0;0;0;0;();(-2000.0, -2000.0);
03:34:06:957;0;0;0;0;0;0;0;0;0;();(-2000.0, -2000.0);
03:34:06:974;0;0;0;0;0;0;0;0;0;();(-2000.0, -2000.0);
03:34:06:993;0;0;0;0;0;0;0;0;0;();(-2000.0, -2000.0);
03:34:07:007;0;0;0;0;0;0;0;0;0;();(-2000.0, -2000.0);
03:34:07:040;0;0;0;0;0;0;0;0;0;();(-2000.0, -2000.0);
03:34:07:059;0;0;0;0;0;0;0;0;0;();(-2000.0, -2000.0);
03:34:07:073;0;0;0;0;0;0;0;0;0;();(-2000.0, -2000.0);
03:34:07:090;0;0;0;0;0;0;0;0;0;();(-2000.0, -2000.0);
03:34:07:108;0;0;0;0;0;0;0;0;0;();(-2000.0, -2000.0);
03:34:07:141;0;0;0;0;0;0;0;0;0;();(-2000.0, -2000.0);
03:34:07:157;0;0;0;0;0;0;0;0;0;();(-2000.0, -2000.0);
03:34:07:174;0;0;0;0;0;0;0;0;0;();(-2000.0, -2000.0);
03:34:07:189;0;0;0;0;0;0;0;0;0;();(-2000.0, -2000.0);
03:34:07:205;0;0;0;0;0;0;0;0;0;();(-2000.0, -2000.0);
03:34:07:238;0;0;0;0;0;0;0;0;0;();(-2000.0, -2000.0);
03:34:07:256;0;0;0;0;0;0;0;0;0;();(-2000.0, -2000.0);
03:34:07:272;0;0;0;0;0;0;0;0;0;();(-2000.0, -2000.0);
03:34:07:289;0;0;0;0;0;0;0;0;0;();(-2000.0, -2000.0);
03:34:07:305;0;0;0;0;0;0;0;0;0;();(-2000.0, -2000.0);
03:34:07:339;0;0;0;0;0;0;0;0;0;();(-2000.0, -2000.0);
03:34:07:355;0;0;0;0;0;0;0;0;0;();(-2000.0, -2000.0);
03:34:07:372;0;0;0;0;0;0;0;0;0;();(-2000.0, -2000.0);
03:34:07:389;0;0;0;0;0;0;0;0;0;();(-2000.0, -2000.0);
03:34:07:407;0;0;0;0;0;0;0;0;0;();(-2000.0, -2000.0);
03:34:07:440;0;0;0;0;0;0;0;0;0;();(-2000.0, -2000.0);
03:34:07:457;0;0;0;0;0;0;0;0;0;();(-2000.0, -2000.0);
03:34:07:475;0;0;0;0;0;0;0;0;0;();(-2000.0, -2000.0);
03:34:07:490;0;0;0;0;0;0;0;0;0;();(-2000.0, -2000.0);
03:34:07:507;0;0;0;0;0;0;0;0;0;();(-2000.0, -2000.0);
03:34:07:540;0;0;0;0;0;0;0;0;0;();(-2000.0, -2000.0);
03:34:07:557;0;0;0;0;0;0;0;0;0;();(-2000.0, -2000.0);
03:34:07:574;0;0;0;0;0;0;0;0;0;();(-2000.0, -2000.0);
03:34:07:591;0;0;0;0;0;0;0;0;0;();(-2000.0, -2000.0);
03:34:07:607;0;0;0;0;0;0;0;0;0;();(-2000.0, -2000.0);
03:34:07:640;0;0;0;0;0;0;0;0;0;();(-2000.0, -2000.0);
03:34:07:659;0;0;0;0;0;0;0;0;0;();(-2000.0, -2000.0);
03:34:07:675;0;0;0;0;0;0;0;0;0;();(-2000.0, -2000.0);
03:34:07:691;0;0;0;0;0;0;0;0;0;();(-2000.0, -2000.0);
03:34:07:706;0;0;0;0;0;0;0;0;0;();(-2000.0, -2000.0);
03:34:07:738;0;0;0;0;0;0;0;0;0;();(-2000.0, -2000.0);
03:34:07:757;0;0;0;0;0;0;0;0;0;();(-2000.0, -2000.0);
03:34:07:775;0;0;0;0;0;0;0;0;0;();(-2000.0, -2000.0);
03:34:07:788;0;0;0;0;0;0;0;0;0;();(-2000.0, -2000.0);
03:34:07:806;0;0;0;0;0;0;0;0;0;();(-2000.0, -2000.0);
03:34:07:838;0;0;0;0;0;0;0;0;0;();(-2000.0, -2000.0);
03:34:07:855;0;0;0;0;0;0;0;0;0;();(-2000.0, -2000.0);
03:34:07:872;0;0;0;0;0;0;0;0;0;();(-2000.0, -2000.0);
03:34:07:889;0;0;0;0;0;0;0;0;0;();(-2000.0, -2000.0);
03:34:07:905;0;0;0;0;0;0;0;0;0;();(-2000.0, -2000.0);
03:34:07:939;0;0;0;0;0;0;0;0;0;();(-2000.0, -2000.0);
03:34:07:955;0;0;0;0;0;0;0;0;0;();(-2000.0, -2000.0);
03:34:07:972;0;0;0;0;0;0;0;0;0;();(-2000.0, -2000.0);
03:34:07:988;0;0;0;0;0;0;0;0;0;();(-2000.0, -2000.0);
03:34:08:005;0;0;0;0;0;0;0;0;0;();(-2000.0, -2000.0);
03:34:08:041;0;0;0;0;0;0;0;0;0;();(-2000.0, -2000.0);
03:34:08:058;0;0;0;0;0;0;0;0;0;();(-2000.0, -2000.0);
03:34:08:074;0;0;0;0;0;0;0;0;0;();(-2000.0, -2000.0);
03:34:08:088;0;0;0;0;0;0;0;0;0;();(-2000.0, -2000.0);
03:34:08:106;0;0;0;0;0;0;0;0;0;();(-2000.0, -2000.0);
03:34:08:140;0;0;0;0;0;0;0;0;0;();(-2000.0, -2000.0);
03:34:08:156;0;0;0;0;0;0;0;0;0;();(-2000.0, -2000.0);
03:34:08:173;0;0;0;0;0;0;0;0;0;();(-2000.0, -2000.0);
03:34:08:189;0;0;0;0;0;0;0;0;0;();(-2000.0, -2000.0);
03:34:08:206;0;0;0;0;0;0;0;0;0;();(-2000.0, -2000.0);
03:34:08:239;0;0;0;0;0;0;0;0;0;();(-2000.0, -2000.0);
03:34:08:255;0;0;0;0;0;0;0;0;0;();(-2000.0, -2000.0);
03:34:08:272;0;0;0;0;0;0;0;0;0;();(-2000.0, -2000.0);
03:34:08:290;0;0;0;0;0;0;0;0;0;();(-2000.0, -2000.0);
03:34:08:305;0;0;0;0;0;0;0;0;0;();(-2000.0, -2000.0);
03:34:08:341;0;0;0;0;0;0;0;0;0;();(-2000.0, -2000.0);
03:34:08:358;0;0;0;0;0;0;0;0;0;();(-2000.0, -2000.0);
03:34:08:375;0;0;0;0;0;0;0;0;0;();(-2000.0, -2000.0);
03:34:08:391;0;0;0;0;0;0;0;0;0;();(-2000.0, -2000.0);
03:34:08:408;0;0;0;0;0;0;0;0;0;();(-2000.0, -2000.0);
03:34:08:440;0;0;0;0;0;0;0;0;0;();(-2000.0, -2000.0);
03:34:08:456;0;0;0;0;0;0;0;0;0;();(-2000.0, -2000.0);
03:34:08:473;0;0;0;0;0;0;0;0;0;();(-2000.0, -2000.0);
03:34:08:490;0;0;0;0;0;0;0;0;0;();(-2000.0, -2000.0);
03:34:08:506;0;0;0;0;0;0;0;0;0;();(-2000.0, -2000.0);
03:34:08:540;0;0;0;0;0;0;0;0;0;();(-2000.0, -2000.0);
03:34:08:556;0;0;0;0;0;0;0;0;0;();(-2000.0, -2000.0);
03:34:08:573;0;0;0;0;0;0;0;0;0;();(-2000.0, -2000.0);
03:34:08:589;0;0;0;0;0;0;0;0;0;();(-2000.0, -2000.0);
03:34:08:606;0;0;0;0;0;0;0;0;0;();(-2000.0, -2000.0);
03:34:08:640;0;0;0;0;0;0;0;0;0;();(-2000.0, -2000.0);
03:34:08:658;0;0;0;0;0;0;0;0;0;();(-2000.0, -2000.0);
03:34:08:676;0;0;0;0;0;0;0;0;0;();(-2000.0, -2000.0);
03:34:08:692;0;0;0;0;0;0;0;0;0;();(-2000.0, -2000.0);
03:34:08:708;0;0;0;0;0;0;0;0;0;();(-2000.0, -2000.0);
03:34:08:742;0;0;0;0;0;0;0;0;0;();(-2000.0, -2000.0);
03:34:08:759;0;0;0;0;0;0;0;0;0;();(-2000.0, -2000.0);
03:34:08:775;0;0;0;0;0;0;0;0;0;();(-2000.0, -2000.0);
03:34:08:792;0;0;0;0;0;0;0;0;0;();(-2000.0, -2000.0);
03:34:08:808;0;0;0;0;0;0;0;0;0;();(-2000.0, -2000.0);
03:34:08:841;0;0;0;0;0;0;0;0;0;();(-2000.0, -2000.0);
03:34:08:859;0;0;0;0;0;0;0;0;0;();(-2000.0, -2000.0);
03:34:08:876;0;0;0;0;0;0;0;0;0;();(-2000.0, -2000.0);
03:34:08:892;0;0;0;0;0;0;0;0;0;();(-2000.0, -2000.0);
03:34:08:908;0;0;0;0;0;0;0;0;0;();(-2000.0, -2000.0);
03:34:08:942;0;0;0;0;0;0;0;0;0;();(-2000.0, -2000.0);
03:34:08:958;0;0;0;0;0;0;0;0;0;();(-2000.0, -2000.0);
03:34:08:975;0;0;0;0;0;0;0;0;0;();(-2000.0, -2000.0);
03:34:08:992;0;0;0;0;0;0;0;0;0;();(-2000.0, -2000.0);
03:34:09:008;0;0;0;0;0;0;0;0;0;();(-2000.0, -2000.0);
03:34:09:040;0;0;0;0;0;0;0;0;0;();(-2000.0, -2000.0);
03:34:09:059;0;0;0;0;0;0;0;0;0;();(-2000.0, -2000.0);
03:34:09:075;0;0;0;0;0;0;0;0;0;();(-2000.0, -2000.0);
03:34:09:089;0;0;0;0;0;0;0;0;0;();(-2000.0, -2000.0);
03:34:09:107;0;0;0;0;0;0;0;0;0;();(-2000.0, -2000.0);
03:34:09:140;0;0;0;0;0;0;0;0;0;();(-2000.0, -2000.0);
03:34:09:157;0;0;0;0;0;0;0;0;0;();(-2000.0, -2000.0);
03:34:09:174;0;0;0;0;0;0;0;0;0;();(-2000.0, -2000.0);
03:34:09:190;0;0;0;0;0;0;0;0;0;();(-2000.0, -2000.0);
03:34:09:207;0;0;0;0;0;0;0;0;0;();(-2000.0, -2000.0);
03:34:09:240;0;0;0;0;0;0;0;0;0;();(-2000.0, -2000.0);
03:34:09:257;0;0;0;0;0;0;0;0;0;();(-2000.0, -2000.0);
03:34:09:274;0;0;0;0;0;0;0;0;0;();(-2000.0, -2000.0);
03:34:09:290;0;0;0;0;0;0;0;0;0;();(-2000.0, -2000.0);
03:34:09:307;0;0;0;0;0;0;0;0;0;();(-2000.0, -2000.0);
03:34:09:340;0;0;0;0;0;0;0;0;0;();(-2000.0, -2000.0);
03:34:09:356;0;0;0;0;0;0;0;0;0;();(-2000.0, -2000.0);
03:34:09:373;0;0;0;0;0;0;0;0;0;();(-2000.0, -2000.0);
03:34:09:390;0;0;0;0;0;0;0;0;0;();(-2000.0, -2000.0);
03:34:09:407;0;0;0;0;0;0;0;0;0;();(-2000.0, -2000.0);
03:34:09:440;0;0;0;0;0;0;0;0;0;();(-2000.0, -2000.0);
03:34:09:457;0;0;0;0;0;0;0;0;0;();(-2000.0, -2000.0);
03:34:09:474;0;0;0;0;0;0;0;0;0;();(-2000.0, -2000.0);
03:34:09:490;0;0;0;0;0;0;0;0;0;();(-2000.0, -2000.0);
03:34:09:507;0;0;0;0;0;0;0;0;0;();(-2000.0, -2000.0);
03:34:09:540;0;0;0;0;0;0;0;0;0;();(-2000.0, -2000.0);
03:34:09:560;0;0;0;0;0;0;0;0;0;();(-2000.0, -2000.0);
03:34:09:576;0;0;0;0;0;0;0;0;0;();(-2000.0, -2000.0);
03:34:09:593;0;0;0;0;0;0;0;0;0;();(-2000.0, -2000.0);
03:34:09:609;0;0;0;0;0;0;0;0;0;();(-2000.0, -2000.0);
03:34:09:642;0;0;0;0;0;0;0;0;0;();(-2000.0, -2000.0);
03:34:09:660;0;0;0;0;0;0;0;0;0;();(-2000.0, -2000.0);
03:34:09:676;0;0;0;0;0;0;0;0;0;();(-2000.0, -2000.0);
03:34:09:693;0;0;0;0;0;0;0;0;0;();(-2000.0, -2000.0);
03:34:09:710;0;0;0;0;0;0;0;0;0;();(-2000.0, -2000.0);
03:34:09:726;0;0;0;0;0;0;0;0;0;();(-2000.0, -2000.0);
03:34:09:759;0;0;0;0;0;0;0;0;0;();(-2000.0, -2000.0);
03:34:09:776;0;0;0;0;0;0;0;0;0;();(-2000.0, -2000.0);
03:34:09:792;0;0;0;0;0;0;0;0;0;();(-2000.0, -2000.0);
03:34:09:809;0;0;0;0;0;0;0;0;0;();(-2000.0, -2000.0);
03:34:09:826;0;0;0;0;0;0;0;0;0;();(-2000.0, -2000.0);
03:34:09:859;0;0;0;0;0;0;0;0;0;();(-2000.0, -2000.0);
03:34:09:876;0;0;0;0;0;0;0;0;0;();(-2000.0, -2000.0);
03:34:09:890;0;0;0;0;0;0;0;0;0;();(-2000.0, -2000.0);
03:34:09:908;0;0;0;0;0;0;0;0;0;();(-2000.0, -2000.0);
03:34:09:941;0;0;0;0;0;0;0;0;0;();(-2000.0, -2000.0);
03:34:09:958;0;0;0;0;0;0;0;0;0;();(-2000.0, -2000.0);
03:34:09:974;0;0;0;0;0;0;0;0;0;();(-2000.0, -2000.0);
03:34:09:991;0;0;0;0;0;0;0;0;0;();(-2000.0, -2000.0);
03:34:10:008;0;0;0;0;0;0;0;0;0;();(-2000.0, -2000.0);
03:34:10:041;0;0;0;0;0;0;0;0;0;();(-2000.0, -2000.0);
03:34:10:057;0;0;0;0;0;0;0;0;0;();(-2000.0, -2000.0);
03:34:10:074;0;0;0;0;0;0;0;0;0;();(-2000.0, -2000.0);
03:34:10:091;0;0;0;0;0;0;0;0;0;();(-2000.0, -2000.0);
03:34:10:113;0;0;0;0;0;0;0;0;0;();(-2000.0, -2000.0);
03:34:10:127;0;0;0;0;0;0;0;0;0;();(-2000.0, -2000.0);
03:34:10:160;0;0;0;0;0;0;0;0;0;();(-2000.0, -2000.0);
03:34:10:178;0;0;0;0;0;0;0;0;0;();(-2000.0, -2000.0);
03:34:10:193;0;0;0;0;0;0;0;0;0;();(-2000.0, -2000.0);
03:34:10:210;0;0;0;0;0;0;0;0;0;();(-2000.0, -2000.0);
03:34:10:226;0;0;0;0;0;0;0;0;0;();(-2000.0, -2000.0);
03:34:10:260;0;0;0;0;0;0;0;0;0;();(-2000.0, -2000.0);
03:34:10:277;0;0;0;0;0;0;0;0;0;();(-2000.0, -2000.0);
03:34:10:293;0;0;0;0;0;0;0;0;0;();(-2000.0, -2000.0);
03:34:10:312;0;0;0;0;0;0;0;0;0;();(-2000.0, -2000.0);
03:34:10:326;0;0;0;0;0;0;0;0;0;();(-2000.0, -2000.0);
03:34:10:360;0;0;0;0;0;0;0;0;0;();(-2000.0, -2000.0);
03:34:10:378;0;0;0;0;0;0;0;0;0;();(-2000.0, -2000.0);
03:34:10:394;0;0;0;0;0;0;0;0;0;();(-2000.0, -2000.0);
03:34:10:410;0;0;0;0;0;0;0;0;0;();(-2000.0, -2000.0);
03:34:10:427;0;0;0;0;0;0;0;0;0;();(-2000.0, -2000.0);
03:34:10:460;0;0;0;0;0;0;0;0;0;();(-2000.0, -2000.0);
03:34:10:477;0;0;0;0;0;0;0;0;0;();(-2000.0, -2000.0);
03:34:10:493;0;0;0;0;0;0;0;0;0;();(-2000.0, -2000.0);
03:34:10:510;0;0;0;0;0;0;0;0;0;();(-2000.0, -2000.0);
03:34:10:525;0;0;0;0;0;0;0;0;0;();(-2000.0, -2000.0);
03:34:10:560;0;0;0;0;0;0;0;0;0;();(-2000.0, -2000.0);
03:34:10:577;0;0;0;0;0;0;0;0;0;();(-2000.0, -2000.0);
03:34:10:593;0;0;0;0;0;0;0;0;0;();(-2000.0, -2000.0);
03:34:10:608;0;0;0;0;0;0;0;0;0;();(-2000.0, -2000.0);
03:34:10:624;0;0;0;0;0;0;0;0;0;();(-2000.0, -2000.0);
03:34:10:658;0;0;0;0;0;0;0;0;0;();(-2000.0, -2000.0);
03:34:10:674;0;0;0;0;0;0;0;0;0;();(-2000.0, -2000.0);
03:34:10:691;0;0;0;0;0;0;0;0;0;();(-2000.0, -2000.0);
03:34:10:708;0;0;0;0;0;0;0;0;0;();(-2000.0, -2000.0);
03:34:10:725;0;0;0;0;0;0;0;0;0;();(-2000.0, -2000.0);
03:34:10:771;2;24,07;0;0;0;0;0;0;0;();(-2000.0, -2000.0);
03:34:10:795;2;24,07;0;0;0;0;0;0;0;();(-2000.0, -2000.0);
03:34:10:799;2;24,07;0;0;0;0;0;0;0;();(-2000.0, -2000.0);
03:34:10:808;2;24,07;0;0;0;0;0;0;0;();(-2000.0, -2000.0);
03:34:10:824;2;24,07;0;0;0;0;0;0;0;();(-2000.0, -2000.0);
03:34:10:858;2;24,07;0;0;0;0;0;0;0;();(-2000.0, -2000.0);
03:34:10:877;2;24,07;0;0;0;0;0;0;0;();(-2000.0, -2000.0);
03:34:10:894;2;24,07;0;0;0;0;0;0;0;();(-2000.0, -2000.0);
03:34:10:909;2;24,07;0;0;0;0;0;0;0;();(-2000.0, -2000.0);
03:34:10:925;2;24,07;0;0;0;0;0;0;0;();(-2000.0, -2000.0);
03:34:10:958;2;24,07;0;0;0;0;0;0;0;();(-2000.0, -2000.0);
03:34:10:975;2;24,07;0;0;0;0;0;0;0;();(-2000.0, -2000.0);
03:34:10:991;2;24,07;0;0;0;0;0;0;0;();(-2000.0, -2000.0);
03:34:11:009;2;24,07;0;0;0;0;0;0;0;();(-2000.0, -2000.0);
03:34:11:025;2;24,07;0;0;0;0;0;0;0;();(-2000.0, -2000.0);
03:34:11:061;2;24,07;0;0;0;0;0;0;0;();(-2000.0, -2000.0);
03:34:11:077;2;24,07;0;0;0;0;0;0;0;();(-2000.0, -2000.0);
03:34:11:091;2;24,07;0;0;0;0;0;0;0;();(-2000.0, -2000.0);
03:34:11:108;2;24,07;0;0;0;0;0;0;0;();(-2000.0, -2000.0);
03:34:11:125;2;24,07;0;0;0;0;0;0;0;();(-2000.0, -2000.0);
03:34:11:158;2;24,07;0;0;0;0;0;0;0;();(-2000.0, -2000.0);
03:34:11:175;2;24,07;0;0;0;0;0;0;0;();(-2000.0, -2000.0);
03:34:11:191;2;24,07;0;0;0;0;0;0;0;();(-2000.0, -2000.0);
03:34:11:208;2;24,07;0;0;0;0;0;0;0;();(-2000.0, -2000.0);
03:34:11:226;2;24,07;0;0;0;0;0;0;0;();(-2000.0, -2000.0);
03:34:11:259;2;24,07;0;0;0;0;0;0;0;();(-2000.0, -2000.0);
03:34:11:275;2;24,07;0;0;0;0;0;0;0;();(-2000.0, -2000.0);
03:34:11:292;2;24,07;0;0;0;0;0;0;0;();(-2000.0, -2000.0);
03:34:11:309;2;24,07;0;0;0;0;0;0;0;();(-2000.0, -2000.0);
03:34:11:327;2;24,07;0;0;0;0;0;0;0;();(-2000.0, -2000.0);
03:34:11:360;2;24,07;0;0;0;0;0;0;0;();(-2000.0, -2000.0);
03:34:11:377;2;24,07;0;0;0;0;0;0;0;();(-2000.0, -2000.0);
03:34:11:394;2;24,07;0;0;0;0;0;0;0;();(-2000.0, -2000.0);
03:34:11:410;2;24,07;0;0;0;0;0;0;0;();(-2000.0, -2000.0);
03:34:11:427;2;24,07;0;0;0;0;0;0;0;();(-2000.0, -2000.0);
03:34:11:459;2;24,07;0;0;0;0;0;0;0;();(-2000.0, -2000.0);
03:34:11:476;2;24,07;0;0;0;0;0;0;0;();(-2000.0, -2000.0);
03:34:11:492;2;24,07;0;0;0;0;0;0;0;();(-2000.0, -2000.0);
03:34:11:509;2;24,07;0;0;0;0;0;0;0;();(-2000.0, -2000.0);
03:34:11:526;2;24,07;0;0;0;0;0;0;0;();(-2000.0, -2000.0);
03:34:11:559;2;24,07;0;0;0;0;0;0;0;();(-2000.0, -2000.0);
03:34:11:577;2;24,07;0;0;0;0;0;0;0;();(-2000.0, -2000.0);
03:34:11:593;2;24,07;0;0;0;0;0;0;0;();(-2000.0, -2000.0);
03:34:11:608;2;24,07;0;0;0;0;0;0;0;();(-2000.0, -2000.0);
03:34:11:625;2;24,07;0;0;0;0;0;0;0;();(-2000.0, -2000.0);
03:34:11:661;2;24,07;0;0;0;0;0;0;0;();(-2000.0, -2000.0);
03:34:11:677;2;24,07;0;0;0;0;0;0;0;();(-2000.0, -2000.0);
03:34:11:692;2;24,07;0;0;0;0;0;0;0;();(-2000.0, -2000.0);
03:34:11:709;2;24,07;0;0;0;0;0;0;0;();(-2000.0, -2000.0);
03:34:11:725;2;24,07;0;0;0;0;0;0;0;();(-2000.0, -2000.0);
03:34:11:758;2;24,07;0;0;0;0;0;0;0;();(-2000.0, -2000.0);
03:34:11:777;2;24,07;0;0;0;0;0;0;0;();(-2000.0, -2000.0);
03:34:11:794;2;24,07;0;0;0;0;0;0;0;();(-2000.0, -2000.0);
03:34:11:811;2;24,07;0;0;0;0;0;0;0;();(-2000.0, -2000.0);
03:34:11:827;2;24,07;0;0;0;0;0;0;0;();(-2000.0, -2000.0);
03:34:11:861;2;24,07;0;0;0;0;0;0;0;();(-2000.0, -2000.0);
03:34:11:878;2;24,07;0;0;0;0;0;0;0;();(-2000.0, -2000.0);
03:34:11:894;2;24,07;0;0;0;0;0;0;0;();(-2000.0, -2000.0);
03:34:11:912;2;24,07;0;0;0;0;0;0;0;();(-2000.0, -2000.0);
03:34:11:928;2;24,07;0;0;0;0;0;0;0;();(-2000.0, -2000.0);
03:34:11:962;2;24,07;0;0;0;0;0;0;0;();(-2000.0, -2000.0);
03:34:11:978;2;24,07;0;0;0;0;0;0;0;();(-2000.0, -2000.0);
03:34:11:994;2;24,07;0;0;0;0;0;0;0;();(-2000.0, -2000.0);
03:34:12:012;2;24,07;0;0;0;0;0;0;0;();(-2000.0, -2000.0);
03:34:12:028;2;24,07;0;0;0;0;0;0;0;();(-2000.0, -2000.0);
03:34:12:062;2;24,07;0;0;0;0;0;0;0;();(-2000.0, -2000.0);
03:34:12:078;2;24,07;0;0;0;0;0;0;0;();(-2000.0, -2000.0);
03:34:12:094;2;24,07;0;0;0;0;0;0;0;();(-2000.0, -2000.0);
03:34:12:111;2;24,07;0;0;0;0;0;0;0;();(-2000.0, -2000.0);
03:34:12:127;2;24,07;0;0;0;0;0;0;0;();(-2000.0, -2000.0);
03:34:12:162;2;24,07;0;0;0;0;0;0;0;();(-2000.0, -2000.0);
03:34:12:178;2;24,07;0;0;0;0;0;0;0;();(-2000.0, -2000.0);
03:34:12:195;2;24,07;0;0;0;0;0;0;0;();(-2000.0, -2000.0);
03:34:12:213;2;24,07;0;0;0;0;0;0;0;();(-2000.0, -2000.0);
03:34:12:228;2;24,07;0;0;0;0;0;0;0;();(-2000.0, -2000.0);
03:34:12:262;2;24,07;0;0;0;0;0;0;0;();(-2000.0, -2000.0);
03:34:12:278;2;24,07;0;0;0;0;0;0;0;();(-2000.0, -2000.0);
03:34:12:295;2;24,07;0;0;0;0;0;0;0;();(-2000.0, -2000.0);
03:34:12:311;2;24,07;0;0;0;0;0;0;0;();(-2000.0, -2000.0);
03:34:12:328;2;24,07;0;0;0;0;0;0;0;();(-2000.0, -2000.0);
03:34:12:362;2;24,07;0;0;0;0;0;0;0;();(-2000.0, -2000.0);
03:34:12:379;2;24,07;0;0;0;0;0;0;0;();(-2000.0, -2000.0);
03:34:12:395;2;24,07;0;0;0;0;0;0;0;();(-2000.0, -2000.0);
03:34:12:410;2;24,07;0;0;0;0;0;0;0;();(-2000.0, -2000.0);
03:34:12:426;2;24,07;0;0;0;0;0;0;0;();(-2000.0, -2000.0);
03:34:12:459;2;24,07;0;0;0;0;0;0;0;();(-2000.0, -2000.0);
03:34:12:476;2;24,07;0;0;0;0;0;0;0;();(-2000.0, -2000.0);
03:34:12:493;2;24,07;0;0;0;0;0;0;0;();(-2000.0, -2000.0);
03:34:12:509;2;24,07;0;0;0;0;0;0;0;();(-2000.0, -2000.0);
03:34:12:526;2;24,07;0;0;0;0;0;0;0;();(-2000.0, -2000.0);
03:34:12:560;2;24,07;0;0;0;0;0;0;0;();(-2000.0, -2000.0);
03:34:12:576;2;24,07;0;0;0;0;0;0;0;();(-2000.0, -2000.0);
03:34:12:593;2;24,07;0;0;0;0;0;0;0;();(-2000.0, -2000.0);
03:34:12:610;2;24,07;0;0;0;0;0;0;0;();(-2000.0, -2000.0);
03:34:12:627;2;24,07;0;0;0;0;0;0;0;();(-2000.0, -2000.0);
03:34:12:662;2;24,07;0;0;0;0;0;0;0;();(-2000.0, -2000.0);
03:34:12:678;2;24,07;0;0;0;0;0;0;0;();(-2000.0, -2000.0);
03:34:12:695;2;24,07;0;0;0;0;0;0;0;();(-2000.0, -2000.0);
03:34:12:712;2;24,07;0;0;0;0;0;0;0;();(-2000.0, -2000.0);
03:34:12:728;2;24,07;0;0;0;0;0;0;0;();(-2000.0, -2000.0);
03:34:12:762;2;24,07;0;0;0;0;0;0;0;();(-2000.0, -2000.0);
03:34:12:779;2;24,07;0;0;0;0;0;0;0;();(-2000.0, -2000.0);
03:34:12:795;2;24,07;0;0;0;0;0;0;0;();(-2000.0, -2000.0);
03:34:12:813;2;24,07;0;0;0;0;0;0;0;();(-2000.0, -2000.0);
03:34:12:827;2;24,07;0;0;0;0;0;0;0;();(-2000.0, -2000.0);
03:34:12:861;2;24,07;0;0;0;0;0;0;0;();(-2000.0, -2000.0);
03:34:12:877;2;24,07;0;0;0;0;0;0;0;();(-2000.0, -2000.0);
03:34:12:894;2;24,07;0;0;0;0;0;0;0;();(-2000.0, -2000.0);
03:34:12:911;2;24,07;0;0;0;0;0;0;0;();(-2000.0, -2000.0);
03:34:12:928;2;24,07;0;0;0;0;0;0;0;();(-2000.0, -2000.0);
03:34:12:964;2;24,07;0;0;0;0;0;0;0;();(-2000.0, -2000.0);
03:34:12:977;2;24,07;0;0;0;0;0;0;0;();(-2000.0, -2000.0);
03:34:12:996;2;24,07;0;0;0;0;0;0;0;();(-2000.0, -2000.0);
03:34:13:012;2;24,07;0;0;0;0;0;0;0;();(-2000.0, -2000.0);
03:34:13:030;2;24,07;0;0;0;0;0;0;0;();(-2000.0, -2000.0);
03:34:13:062;2;24,07;0;0;0;0;0;0;0;();(-2000.0, -2000.0);
03:34:13:079;2;24,07;0;0;0;0;0;0;0;();(-2000.0, -2000.0);
03:34:13:096;2;24,07;0;0;0;0;0;0;0;();(-2000.0, -2000.0);
03:34:13:112;2;24,07;0;0;0;0;0;0;0;();(-2000.0, -2000.0);
03:34:13:128;2;24,07;0;0;0;0;0;0;0;();(-2000.0, -2000.0);
03:34:13:146;2;24,07;0;0;0;0;0;0;0;();(-2000.0, -2000.0);
03:34:13:179;2;24,07;0;0;0;0;0;0;0;();(-2000.0, -2000.0);
03:34:13:196;2;24,07;0;0;0;0;0;0;0;();(-2000.0, -2000.0);
03:34:13:213;2;24,07;0;0;0;0;0;0;0;();(-2000.0, -2000.0);
03:34:13:229;2;24,07;0;0;0;0;0;0;0;();(-2000.0, -2000.0);
03:34:13:246;2;24,07;0;0;0;0;0;0;0;();(-2000.0, -2000.0);
03:34:13:279;2;24,07;0;0;0;0;0;0;0;();(-2000.0, -2000.0);
03:34:13:297;2;24,07;0;0;0;0;0;0;0;();(-2000.0, -2000.0);
03:34:13:311;2;24,07;0;0;0;0;0;0;0;();(-2000.0, -2000.0);
03:34:13:329;2;24,07;0;0;0;0;0;0;0;();(-2000.0, -2000.0);
03:34:13:346;2;24,07;0;0;0;0;0;0;0;();(-2000.0, -2000.0);
03:34:13:379;2;24,07;0;0;0;0;0;0;0;();(-2000.0, -2000.0);
03:34:13:396;2;24,07;0;0;0;0;0;0;0;();(-2000.0, -2000.0);
03:34:13:413;2;24,07;0;0;0;0;0;0;0;();(-2000.0, -2000.0);
03:34:13:431;2;24,07;0;0;0;0;0;0;0;();(-2000.0, -2000.0);
03:34:13:446;2;24,07;0;0;0;0;0;0;0;();(-2000.0, -2000.0);
03:34:13:480;2;24,07;0;0;0;0;0;0;0;();(-2000.0, -2000.0);
03:34:13:496;2;24,07;0;0;0;0;0;0;0;();(-2000.0, -2000.0);
03:34:13:513;2;24,07;0;0;0;0;0;0;0;();(-2000.0, -2000.0);
03:34:13:529;2;24,07;0;0;0;0;0;0;0;();(-2000.0, -2000.0);
03:34:13:546;2;24,07;0;0;0;0;0;0;0;();(-2000.0, -2000.0);
03:34:13:577;2;24,07;0;0;0;0;0;0;0;();(-2000.0, -2000.0);
03:34:13:593;2;24,07;0;0;0;0;0;0;0;();(-2000.0, -2000.0);
03:34:13:612;2;24,07;0;0;0;0;0;0;0;();(-2000.0, -2000.0);
03:34:13:629;2;24,07;0;0;0;0;0;0;0;();(-2000.0, -2000.0);
03:34:13:647;2;24,07;0;0;0;0;0;0;0;();(-2000.0, -2000.0);
03:34:13:680;2;24,07;0;0;0;0;0;0;0;();(-2000.0, -2000.0);
03:34:13:699;2;24,07;0;0;0;0;0;0;0;();(-2000.0, -2000.0);
03:34:13:713;2;24,07;0;0;0;0;0;0;0;();(-2000.0, -2000.0);
03:34:13:729;2;24,07;0;0;0;0;0;0;0;();(-2000.0, -2000.0);
03:34:13:746;2;24,07;0;0;0;0;0;0;0;();(-2000.0, -2000.0);
03:34:13:778;2;24,07;0;0;0;0;0;0;0;();(-2000.0, -2000.0);
03:34:13:793;2;24,07;0;0;0;0;0;0;0;();(-2000.0, -2000.0);
03:34:13:811;2;24,07;0;0;0;0;0;0;0;();(-2000.0, -2000.0);
03:34:13:827;2;24,07;0;0;0;0;0;0;0;();(-2000.0, -2000.0);
03:34:13:844;2;24,07;0;0;0;0;0;0;0;();(-2000.0, -2000.0);
03:34:13:878;2;24,07;0;0;0;0;0;0;0;();(-2000.0, -2000.0);
03:34:13:895;2;24,07;0;0;0;0;0;0;0;();(-2000.0, -2000.0);
03:34:13:910;2;24,07;0;0;0;0;0;0;0;();(-2000.0, -2000.0);
03:34:13:927;2;24,07;0;0;0;0;0;0;0;();(-2000.0, -2000.0);
03:34:13:944;2;24,07;0;0;0;0;0;0;0;();(-2000.0, -2000.0);
03:34:13:977;2;24,07;0;0;0;0;0;0;0;();(-2000.0, -2000.0);
03:34:13:996;2;24,07;0;0;0;0;0;0;0;();(-2000.0, -2000.0);
03:34:14:013;2;24,07;0;0;0;0;0;0;0;();(-2000.0, -2000.0);
03:34:14:027;2;24,07;0;0;0;0;0;0;0;();(-2000.0, -2000.0);
03:34:14:044;2;24,07;0;0;0;0;0;0;0;();(-2000.0, -2000.0);
03:34:14:078;2;24,07;0;0;0;0;0;0;0;();(-2000.0, -2000.0);
03:34:14:095;2;24,07;0;0;0;0;0;0;0;();(-2000.0, -2000.0);
03:34:14:111;2;24,07;0;0;0;0;0;0;0;();(-2000.0, -2000.0);
03:34:14:128;2;24,07;0;0;0;0;0;0;0;();(-2000.0, -2000.0);
03:34:14:144;2;24,07;0;0;0;0;0;0;0;();(-2000.0, -2000.0);
03:34:14:178;2;24,07;0;0;0;0;0;0;0;();(-2000.0, -2000.0);
03:34:14:195;2;24,07;0;0;0;0;0;0;0;();(-2000.0, -2000.0);
03:34:14:211;2;24,07;0;0;0;0;0;0;0;();(-2000.0, -2000.0);
03:34:14:228;2;24,07;0;0;0;0;0;0;0;();(-2000.0, -2000.0);
03:34:14:244;2;24,07;0;0;0;0;0;0;0;();(-2000.0, -2000.0);
03:34:14:278;2;24,07;0;0;0;0;0;0;0;();(-2000.0, -2000.0);
03:34:14:295;2;24,07;0;0;0;0;0;0;0;();(-2000.0, -2000.0);
03:34:14:311;2;24,07;0;0;0;0;0;0;0;();(-2000.0, -2000.0);
03:34:14:327;2;24,07;0;0;0;0;0;0;0;();(-2000.0, -2000.0);
03:34:14:344;2;24,07;0;0;0;0;0;0;0;();(-2000.0, -2000.0);
03:34:14:378;2;24,07;0;0;0;0;0;0;0;();(-2000.0, -2000.0);
03:34:14:397;2;24,07;0;0;0;0;0;0;0;();(-2000.0, -2000.0);
03:34:14:414;2;24,07;0;0;0;0;0;0;0;();(-2000.0, -2000.0);
03:34:14:430;2;24,07;0;0;0;0;0;0;0;();(-2000.0, -2000.0);
03:34:14:447;2;24,07;0;0;0;0;0;0;0;();(-2000.0, -2000.0);
03:34:14:480;2;24,07;0;0;0;0;0;0;0;();(-2000.0, -2000.0);
03:34:14:497;2;24,07;0;0;0;0;0;0;0;();(-2000.0, -2000.0);
03:34:14:513;2;24,07;0;0;0;0;0;0;0;();(-2000.0, -2000.0);
03:34:14:530;2;24,07;0;0;0;0;0;0;0;();(-2000.0, -2000.0);
03:34:14:544;2;24,07;0;0;0;0;0;0;0;();(-2000.0, -2000.0);
03:34:14:578;2;24,07;0;0;0;0;0;0;0;();(-2000.0, -2000.0);
03:34:14:595;2;24,07;0;0;0;0;0;0;0;();(-2000.0, -2000.0);
03:34:14:611;2;24,07;0;0;0;0;0;0;0;();(-2000.0, -2000.0);
03:34:14:628;2;24,07;0;0;0;0;0;0;0;();(-2000.0, -2000.0);
03:34:14:645;2;24,07;0;0;0;0;0;0;0;();(-2000.0, -2000.0);
03:34:14:677;2;24,07;0;0;0;0;0;0;0;();(-2000.0, -2000.0);
03:34:14:696;4;24,07,02,85;0;0;0;0;0;0;0;();(-2000.0, -2000.0);
03:34:14:712;4;24,07,02,85;0;0;0;0;0;0;0;();(-2000.0, -2000.0);
03:34:14:728;4;24,07,02,85;0;0;0;0;0;0;0;();(-2000.0, -2000.0);
03:34:14:745;4;24,07,02,85;0;0;0;0;0;0;0;();(-2000.0, -2000.0);
03:34:14:778;4;24,07,02,85;0;0;0;0;0;0;0;();(-2000.0, -2000.0);
03:34:14:794;4;24,07,02,85;0;0;0;0;0;0;0;();(-2000.0, -2000.0);
03:34:14:811;4;24,07,02,85;0;0;0;0;0;0;0;();(-2000.0, -2000.0);
03:34:14:828;4;24,07,02,85;0;0;0;0;0;0;0;();(-2000.0, -2000.0);
03:34:14:845;4;24,07,02,85;0;0;0;0;0;0;0;();(-2000.0, -2000.0);
03:34:14:878;4;24,07,02,85;0;0;0;0;0;0;0;();(-2000.0, -2000.0);
03:34:14:895;4;24,07,02,85;0;0;0;0;0;0;0;();(-2000.0, -2000.0);
03:34:14:912;4;24,07,02,85;0;0;0;0;0;0;0;();(-2000.0, -2000.0);
03:34:14:928;4;24,07,02,85;0;0;0;0;0;0;0;();(-2000.0, -2000.0);
03:34:14:945;4;24,07,02,85;0;0;0;0;0;0;0;();(-2000.0, -2000.0);
03:34:14:978;4;24,07,02,85;0;0;0;0;0;0;0;();(-2000.0, -2000.0);
03:34:14:995;4;24,07,02,85;0;0;0;0;0;0;0;();(-2000.0, -2000.0);
03:34:15:011;4;24,07,02,85;0;0;0;0;0;0;0;();(-2000.0, -2000.0);
03:34:15:029;4;24,07,02,85;0;0;0;0;0;0;0;();(-2000.0, -2000.0);
03:34:15:045;4;24,07,02,85;0;0;0;0;0;0;0;();(-2000.0, -2000.0);
03:34:15:080;4;24,07,02,85;0;0;0;0;0;0;0;();(-2000.0, -2000.0);
03:34:15:097;4;24,07,02,85;0;0;0;0;0;0;0;();(-2000.0, -2000.0);
03:34:15:114;4;24,07,02,85;0;0;0;0;0;0;0;();(-2000.0, -2000.0);
03:34:15:131;4;24,07,02,85;0;0;0;0;0;0;0;();(-2000.0, -2000.0);
03:34:15:148;4;24,07,02,85;0;0;0;0;0;0;0;();(-2000.0, -2000.0);
03:34:15:181;4;24,07,02,85;0;0;0;0;0;0;0;();(-2000.0, -2000.0);
03:34:15:197;4;24,07,02,85;0;0;0;0;0;0;0;();(-2000.0, -2000.0);
03:34:15:214;4;24,07,02,85;0;0;0;0;0;0;0;();(-2000.0, -2000.0);
03:34:15:230;4;24,07,02,85;0;0;0;0;0;0;0;();(-2000.0, -2000.0);
03:34:15:248;4;24,07,02,85;0;0;0;0;0;0;0;();(-2000.0, -2000.0);
03:34:15:266;4;24,07,02,85;0;0;0;0;0;0;0;();(-2000.0, -2000.0);
03:34:15:298;4;24,07,02,85;0;0;0;0;0;0;0;();(-2000.0, -2000.0);
03:34:15:314;4;24,07,02,85;0;0;0;0;0;0;0;();(-2000.0, -2000.0);
03:34:15:328;4;24,07,02,85;0;0;0;0;0;0;0;();(-2000.0, -2000.0);
03:34:15:345;4;24,07,02,85;0;0;0;0;0;0;0;();(-2000.0, -2000.0);
03:34:15:381;4;24,07,02,85;0;0;0;0;0;0;0;();(-2000.0, -2000.0);
03:34:15:397;4;24,07,02,85;0;0;0;0;0;0;0;();(-2000.0, -2000.0);
03:34:15:412;4;24,07,02,85;0;0;0;0;0;0;0;();(-2000.0, -2000.0);
03:34:15:428;4;24,07,02,85;0;0;0;0;0;0;0;();(-2000.0, -2000.0);
03:34:15:445;4;24,07,02,85;0;0;0;0;0;0;0;();(-2000.0, -2000.0);
03:34:15:479;4;24,07,02,85;0;0;0;0;0;0;0;();(-2000.0, -2000.0);
03:34:15:496;4;24,07,02,85;0;0;0;0;0;0;0;();(-2000.0, -2000.0);
03:34:15:512;4;24,07,02,85;0;0;0;0;0;0;0;();(-2000.0, -2000.0);
03:34:15:529;4;24,07,02,85;0;0;0;0;0;0;0;();(-2000.0, -2000.0);
03:34:15:545;4;24,07,02,85;0;0;0;0;0;0;0;();(-2000.0, -2000.0);
03:34:15:578;4;24,07,02,85;0;0;0;0;0;0;0;();(-2000.0, -2000.0);
03:34:15:596;4;24,07,02,85;0;0;0;0;0;0;0;();(-2000.0, -2000.0);
03:34:15:612;4;24,07,02,85;0;0;0;0;0;0;0;();(-2000.0, -2000.0);
03:34:15:629;4;24,07,02,85;0;0;0;0;0;0;0;();(-2000.0, -2000.0);
03:34:15:645;4;24,07,02,85;0;0;0;0;0;0;0;();(-2000.0, -2000.0);
03:34:15:682;4;24,07,02,85;0;0;0;0;0;0;0;();(-2000.0, -2000.0);
03:34:15:698;4;24,07,02,85;0;0;0;0;0;0;0;();(-2000.0, -2000.0);
03:34:15:715;4;24,07,02,85;0;0;0;0;0;0;0;();(-2000.0, -2000.0);
03:34:15:731;4;24,07,02,85;0;0;0;0;0;0;0;();(-2000.0, -2000.0);
03:34:15:746;4;24,07,02,85;0;0;0;0;0;0;0;();(-2000.0, -2000.0);
03:34:15:779;4;24,07,02,85;0;0;0;0;0;0;0;();(-2000.0, -2000.0);
03:34:15:795;4;24,07,02,85;0;0;0;0;0;0;0;();(-2000.0, -2000.0);
03:34:15:812;4;24,07,02,85;0;0;0;0;0;0;0;();(-2000.0, -2000.0);
03:34:15:829;4;24,07,02,85;0;0;0;0;0;0;0;();(-2000.0, -2000.0);
03:34:15:846;4;24,07,02,85;0;0;0;0;0;0;0;();(-2000.0, -2000.0);
03:34:15:879;4;24,07,02,85;0;0;0;0;0;0;0;();(-2000.0, -2000.0);
03:34:15:895;4;24,07,02,85;0;0;0;0;0;0;0;();(-2000.0, -2000.0);
03:34:15:913;4;24,07,02,85;0;0;0;0;0;0;0;();(-2000.0, -2000.0);
03:34:15:930;4;24,07,02,85;0;0;0;0;0;0;0;();(-2000.0, -2000.0);
03:34:15:945;4;24,07,02,85;0;0;0;0;0;0;0;();(-2000.0, -2000.0);
03:34:15:980;4;24,07,02,85;0;0;0;0;0;0;0;();(-2000.0, -2000.0);
03:34:15:995;4;24,07,02,85;0;0;0;0;0;0;0;();(-2000.0, -2000.0);
03:34:16:012;4;24,07,02,85;0;0;0;0;0;0;0;();(-2000.0, -2000.0);
03:34:16:029;4;24,07,02,85;0;0;0;0;0;0;0;();(-2000.0, -2000.0);
03:34:16:046;4;24,07,02,85;0;0;0;0;0;0;0;();(-2000.0, -2000.0);
03:34:16:079;4;24,07,02,85;0;0;0;0;0;0;0;();(-2000.0, -2000.0);
03:34:16:097;4;24,07,02,85;0;0;0;0;0;0;0;();(-2000.0, -2000.0);
03:34:16:112;4;24,07,02,85;0;0;0;0;0;0;0;();(-2000.0, -2000.0);
03:34:16:129;4;24,07,02,85;0;0;0;0;0;0;0;();(-2000.0, -2000.0);
03:34:16:149;4;24,07,02,85;0;0;0;0;0;0;0;();(-2000.0, -2000.0);
03:34:16:179;4;24,07,02,85;0;0;0;0;0;0;0;();(-2000.0, -2000.0);
03:34:16:196;4;24,07,02,85;0;0;0;0;0;0;0;();(-2000.0, -2000.0);
03:34:16:213;4;24,07,02,85;0;0;0;0;0;0;0;();(-2000.0, -2000.0);
03:34:16:230;4;24,07,02,85;0;0;0;0;0;0;0;();(-2000.0, -2000.0);
03:34:16:246;4;24,07,02,85;0;0;0;0;0;0;0;();(-2000.0, -2000.0);
03:34:16:283;4;24,07,02,85;0;0;0;0;0;0;0;();(-2000.0, -2000.0);
03:34:16:299;4;24,07,02,85;0;0;0;0;0;0;0;();(-2000.0, -2000.0);
03:34:16:315;4;24,07,02,85;0;0;0;0;0;0;0;();(-2000.0, -2000.0);
03:34:16:332;4;24,07,02,85;0;0;0;0;0;0;0;();(-2000.0, -2000.0);
03:34:16:350;4;24,07,02,85;0;0;0;0;0;0;0;();(-2000.0, -2000.0);
03:34:16:382;4;24,07,02,85;0;0;0;0;0;0;0;();(-2000.0, -2000.0);
03:34:16:398;4;24,07,02,85;0;0;0;0;0;0;0;();(-2000.0, -2000.0);
03:34:16:417;4;24,07,02,85;0;0;0;0;0;0;0;();(-2000.0, -2000.0);
03:34:16:432;4;24,07,02,85;0;0;0;0;0;0;0;();(-2000.0, -2000.0);
03:34:16:448;4;24,07,02,85;0;0;0;0;0;0;0;();(-2000.0, -2000.0);
03:34:16:481;4;24,07,02,85;0;0;0;0;0;0;0;();(-2000.0, -2000.0);
03:34:16:498;4;24,07,02,85;0;0;0;0;0;0;0;();(-2000.0, -2000.0);
03:34:16:515;4;24,07,02,85;0;0;0;0;0;0;0;();(-2000.0, -2000.0);
03:34:16:532;4;24,07,02,85;0;0;0;0;0;0;0;();(-2000.0, -2000.0);
03:34:16:547;4;24,07,02,85;0;0;0;0;0;0;0;();(-2000.0, -2000.0);
03:34:16:580;4;24,07,02,85;0;0;0;0;0;0;0;();(-2000.0, -2000.0);
03:34:16:596;4;24,07,02,85;0;0;0;0;0;0;0;();(-2000.0, -2000.0);
03:34:16:615;4;24,07,02,85;0;0;0;0;0;0;0;();(-2000.0, -2000.0);
03:34:16:629;4;24,07,02,85;0;0;0;0;0;0;0;();(-2000.0, -2000.0);
03:34:16:647;4;24,07,02,85;0;0;0;0;0;0;0;();(-2000.0, -2000.0);
03:34:16:682;4;24,07,02,85;0;0;0;0;0;0;0;();(-2000.0, -2000.0);
03:34:16:697;4;24,07,02,85;0;0;0;0;0;0;0;();(-2000.0, -2000.0);
03:34:16:713;4;24,07,02,85;0;0;0;0;0;0;0;();(-2000.0, -2000.0);
03:34:16:730;4;24,07,02,85;0;0;0;0;0;0;0;();(-2000.0, -2000.0);
03:34:16:748;4;24,07,02,85;0;0;0;0;0;0;0;();(-2000.0, -2000.0);
03:34:16:780;4;24,07,02,85;0;0;0;0;0;0;0;();(-2000.0, -2000.0);
03:34:16:798;4;24,07,02,85;0;0;0;0;0;0;0;();(-2000.0, -2000.0);
03:34:16:814;4;24,07,02,85;0;0;0;0;0;0;0;();(-2000.0, -2000.0);
03:34:16:830;4;24,07,02,85;0;0;0;0;0;0;0;();(-2000.0, -2000.0);
03:34:16:846;4;24,07,02,85;0;0;0;0;0;0;0;();(-2000.0, -2000.0);
03:34:16:881;4;24,07,02,85;0;0;0;0;0;0;0;();(-2000.0, -2000.0);
03:34:16:896;4;24,07,02,85;0;0;0;0;0;0;0;();(-2000.0, -2000.0);
03:34:16:913;4;24,07,02,85;0;0;0;0;0;0;0;();(-2000.0, -2000.0);
03:34:16:930;4;24,07,02,85;0;0;0;0;0;0;0;();(-2000.0, -2000.0);
03:34:16:946;4;24,07,02,85;0;0;0;0;0;0;0;();(-2000.0, -2000.0);
03:34:16:981;4;24,07,02,85;0;0;0;0;0;0;0;();(-2000.0, -2000.0);
03:34:16:998;4;24,07,02,85;0;0;0;0;0;0;0;();(-2000.0, -2000.0);
03:34:17:014;4;24,07,02,85;0;0;0;0;0;0;0;();(-2000.0, -2000.0);
03:34:17:031;4;24,07,02,85;0;0;0;0;0;0;0;();(-2000.0, -2000.0);
03:34:17:047;4;24,07,02,85;0;0;0;0;0;0;0;();(-2000.0, -2000.0);
03:34:17:080;4;24,07,02,85;0;0;0;0;0;0;0;();(-2000.0, -2000.0);
03:34:17:097;4;24,07,02,85;0;0;0;0;0;0;0;();(-2000.0, -2000.0);
03:34:17:114;4;24,07,02,85;0;0;0;0;0;0;0;();(-2000.0, -2000.0);
03:34:17:130;4;24,07,02,85;0;0;0;0;0;0;0;();(-2000.0, -2000.0);
03:34:17:148;4;24,07,02,85;0;0;0;0;0;0;0;();(-2000.0, -2000.0);
03:34:17:164;4;24,07,02,85;0;0;0;0;0;0;0;();(-2000.0, -2000.0);
03:34:17:197;4;24,07,02,85;0;0;0;0;0;0;0;();(-2000.0, -2000.0);
03:34:17:215;4;24,07,02,85;0;0;0;0;0;0;0;();(-2000.0, -2000.0);
03:34:17:231;4;24,07,02,85;0;0;0;0;0;0;0;();(-2000.0, -2000.0);
03:34:17:248;4;24,07,02,85;0;0;0;0;0;0;0;();(-2000.0, -2000.0);
03:34:17:265;4;24,07,02,85;0;0;0;0;0;0;0;();(-2000.0, -2000.0);
03:34:17:297;4;24,07,02,85;0;0;0;0;0;0;0;();(-2000.0, -2000.0);
03:34:17:313;4;24,07,02,85;0;0;0;0;0;0;0;();(-2000.0, -2000.0);
03:34:17:330;4;24,07,02,85;0;0;0;0;0;0;0;();(-2000.0, -2000.0);
03:34:17:347;4;24,07,02,85;0;0;0;0;0;0;0;();(-2000.0, -2000.0);
03:34:17:381;4;24,07,02,85;0;0;0;0;0;0;0;();(-2000.0, -2000.0);
03:34:17:397;4;24,07,02,85;0;0;0;0;0;0;0;();(-2000.0, -2000.0);
03:34:17:414;4;24,07,02,85;0;0;0;0;0;0;0;();(-2000.0, -2000.0);
03:34:17:432;6;24,07,02,85,88,80;0;0;0;0;0;0;0;();(-2000.0, -2000.0);
03:34:17:448;6;24,07,02,85,88,80;0;0;0;0;0;0;0;();(-2000.0, -2000.0);
03:34:17:464;6;24,07,02,85,88,80;0;0;0;0;0;0;0;();(-2000.0, -2000.0);
03:34:17:497;6;24,07,02,85,88,80;0;0;0;0;0;0;0;();(-2000.0, -2000.0);
03:34:17:514;6;24,07,02,85,88,80;0;0;0;0;0;0;0;();(-2000.0, -2000.0);
03:34:17:531;6;24,07,02,85,88,80;0;0;0;0;0;0;0;();(-2000.0, -2000.0);
03:34:17:548;6;24,07,02,85,88,80;0;0;0;0;0;0;0;();(-2000.0, -2000.0);
03:34:17:583;6;24,07,02,85,88,80;0;0;0;0;0;0;0;();(-2000.0, -2000.0);
03:34:17:600;6;24,07,02,85,88,80;0;0;0;0;0;0;0;();(-2000.0, -2000.0);
03:34:17:616;6;24,07,02,85,88,80;0;0;0;0;0;0;0;();(-2000.0, -2000.0);
03:34:17:633;6;24,07,02,85,88,80;0;0;0;0;0;0;0;();(-2000.0, -2000.0);
03:34:17:650;6;24,07,02,85,88,80;0;0;0;0;0;0;0;();(-2000.0, -2000.0);
03:34:17:666;6;24,07,02,85,88,80;0;0;0;0;0;0;0;();(-2000.0, -2000.0);
03:34:17:699;6;24,07,02,85,88,80;0;0;0;0;0;0;0;();(-2000.0, -2000.0);
03:34:17:716;6;24,07,02,85,88,80;0;0;0;0;0;0;0;();(-2000.0, -2000.0);
03:34:17:733;6;24,07,02,85,88,80;0;0;0;0;0;0;0;();(-2000.0, -2000.0);
03:34:17:747;6;24,07,02,85,88,80;0;0;0;0;0;0;0;();(-2000.0, -2000.0);
03:34:17:764;6;24,07,02,85,88,80;0;0;0;0;0;0;0;();(-2000.0, -2000.0);
03:34:17:797;6;24,07,02,85,88,80;0;0;0;0;0;0;0;();(-2000.0, -2000.0);
03:34:17:817;6;24,07,02,85,88,80;0;0;0;0;0;0;0;();(-2000.0, -2000.0);
03:34:17:831;6;24,07,02,85,88,80;0;0;0;0;0;0;0;();(-2000.0, -2000.0);
03:34:17:847;6;24,07,02,85,88,80;0;0;0;0;0;0;0;();(-2000.0, -2000.0);
03:34:17:865;6;24,07,02,85,88,80;0;0;0;0;0;0;0;();(-2000.0, -2000.0);
03:34:17:897;6;24,07,02,85,88,80;0;0;0;0;0;0;0;();(-2000.0, -2000.0);
03:34:17:914;6;24,07,02,85,88,80;0;0;0;0;0;0;0;();(-2000.0, -2000.0);
03:34:17:930;6;24,07,02,85,88,80;0;0;0;0;0;0;0;();(-2000.0, -2000.0);
03:34:17:948;6;24,07,02,85,88,80;0;0;0;0;0;0;0;();(-2000.0, -2000.0);
03:34:17:965;6;24,07,02,85,88,80;0;0;0;0;0;0;0;();(-2000.0, -2000.0);
03:34:17:998;6;24,07,02,85,88,80;0;0;0;0;0;0;0;();(-2000.0, -2000.0);
03:34:18:014;6;24,07,02,85,88,80;0;0;0;0;0;0;0;();(-2000.0, -2000.0);
03:34:18:031;6;24,07,02,85,88,80;0;0;0;0;0;0;0;();(-2000.0, -2000.0);
03:34:18:047;6;24,07,02,85,88,80;0;0;0;0;0;0;0;();(-2000.0, -2000.0);
03:34:18:064;6;24,07,02,85,88,80;0;0;0;0;0;0;0;();(-2000.0, -2000.0);
03:34:18:098;6;24,07,02,85,88,80;0;0;0;0;0;0;0;();(-2000.0, -2000.0);
03:34:18:115;6;24,07,02,85,88,80;0;0;0;0;0;0;0;();(-2000.0, -2000.0);
03:34:18:131;6;24,07,02,85,88,80;0;0;0;0;0;0;0;();(-2000.0, -2000.0);
03:34:18:148;6;24,07,02,85,88,80;0;0;0;0;0;0;0;();(-2000.0, -2000.0);
03:34:18:165;6;24,07,02,85,88,80;0;0;0;0;0;0;0;();(-2000.0, -2000.0);
03:34:18:198;6;24,07,02,85,88,80;0;0;0;0;0;0;0;();(-2000.0, -2000.0);
03:34:18:216;6;24,07,02,85,88,80;0;0;0;0;0;0;0;();(-2000.0, -2000.0);
03:34:18:232;6;24,07,02,85,88,80;0;0;0;0;0;0;0;();(-2000.0, -2000.0);
03:34:18:247;6;24,07,02,85,88,80;0;0;0;0;0;0;0;();(-2000.0, -2000.0);
03:34:18:264;6;24,07,02,85,88,80;0;0;0;0;0;0;0;();(-2000.0, -2000.0);
03:34:18:298;6;24,07,02,85,88,80;0;0;0;0;0;0;0;();(-2000.0, -2000.0);
03:34:18:317;6;24,07,02,85,88,80;0;0;0;0;0;0;0;();(-2000.0, -2000.0);
03:34:18:333;6;24,07,02,85,88,80;0;0;0;0;0;0;0;();(-2000.0, -2000.0);
03:34:18:351;6;24,07,02,85,88,80;0;0;0;0;0;0;0;();(-2000.0, -2000.0);
03:34:18:367;6;24,07,02,85,88,80;0;0;0;0;0;0;0;();(-2000.0, -2000.0);
03:34:18:400;6;24,07,02,85,88,80;0;0;0;0;0;0;0;();(-2000.0, -2000.0);
03:34:18:416;6;24,07,02,85,88,80;0;0;0;0;0;0;0;();(-2000.0, -2000.0);
03:34:18:433;6;24,07,02,85,88,80;0;0;0;0;0;0;0;();(-2000.0, -2000.0);
03:34:18:450;6;24,07,02,85,88,80;0;0;0;0;0;0;0;();(-2000.0, -2000.0);
03:34:18:465;6;24,07,02,85,88,80;0;0;0;0;0;0;0;();(-2000.0, -2000.0);
03:34:18:499;6;24,07,02,85,88,80;0;0;0;0;0;0;0;();(-2000.0, -2000.0);
03:34:18:515;6;24,07,02,85,88,80;0;0;0;0;0;0;0;();(-2000.0, -2000.0);
03:34:18:532;6;24,07,02,85,88,80;0;0;0;0;0;0;0;();(-2000.0, -2000.0);
03:34:18:549;6;24,07,02,85,88,80;0;0;0;0;0;0;0;();(-2000.0, -2000.0);
03:34:18:565;6;24,07,02,85,88,80;0;0;0;0;0;0;0;();(-2000.0, -2000.0);
03:34:18:599;6;24,07,02,85,88,80;0;0;0;0;0;0;0;();(-2000.0, -2000.0);
03:34:18:616;6;24,07,02,85,88,80;0;0;0;0;0;0;0;();(-2000.0, -2000.0);
03:34:18:633;6;24,07,02,85,88,80;0;0;0;0;0;0;0;();(-2000.0, -2000.0);
03:34:18:649;6;24,07,02,85,88,80;0;0;0;0;0;0;0;();(-2000.0, -2000.0);
03:34:18:666;6;24,07,02,85,88,80;0;0;0;0;0;0;0;();(-2000.0, -2000.0);
03:34:18:698;6;24,07,02,85,88,80;0;0;0;0;0;0;0;();(-2000.0, -2000.0);
03:34:18:716;6;24,07,02,85,88,80;0;0;0;0;0;0;0;();(-2000.0, -2000.0);
03:34:18:733;6;24,07,02,85,88,80;0;0;0;0;0;0;0;();(-2000.0, -2000.0);
03:34:18:749;6;24,07,02,85,88,80;0;0;0;0;0;0;0;();(-2000.0, -2000.0);
03:34:18:766;6;24,07,02,85,88,80;0;0;0;0;0;0;0;();(-2000.0, -2000.0);
03:34:18:801;6;24,07,02,85,88,80;0;0;0;0;0;0;0;();(-2000.0, -2000.0);
03:34:18:817;6;24,07,02,85,88,80;0;0;0;0;0;0;0;();(-2000.0, -2000.0);
03:34:18:834;6;24,07,02,85,88,80;0;0;0;0;0;0;0;();(-2000.0, -2000.0);
03:34:18:850;6;24,07,02,85,88,80;0;0;0;0;0;0;0;();(-2000.0, -2000.0);
03:34:18:866;6;24,07,02,85,88,80;0;0;0;0;0;0;0;();(-2000.0, -2000.0);
03:34:18:900;6;24,07,02,85,88,80;0;0;0;0;0;0;0;();(-2000.0, -2000.0);
03:34:18:916;6;24,07,02,85,88,80;0;0;0;0;0;0;0;();(-2000.0, -2000.0);
03:34:18:932;6;24,07,02,85,88,80;0;0;0;0;0;0;0;();(-2000.0, -2000.0);
03:34:18:950;6;24,07,02,85,88,80;0;0;0;0;0;0;0;();(-2000.0, -2000.0);
03:34:18:967;6;24,07,02,85,88,80;0;0;0;0;0;0;0;();(-2000.0, -2000.0);
03:34:18:998;6;24,07,02,85,88,80;0;0;0;0;0;0;0;();(-2000.0, -2000.0);
03:34:19:015;6;24,07,02,85,88,80;0;0;0;0;0;0;0;();(-2000.0, -2000.0);
03:34:19:032;6;24,07,02,85,88,80;0;0;0;0;0;0;0;();(-2000.0, -2000.0);
03:34:19:048;6;24,07,02,85,88,80;0;0;0;0;0;0;0;();(-2000.0, -2000.0);
03:34:19:065;6;24,07,02,85,88,80;0;0;0;0;0;0;0;();(-2000.0, -2000.0);
03:34:19:098;6;24,07,02,85,88,80;0;0;0;0;0;0;0;();(-2000.0, -2000.0);
03:34:19:115;6;24,07,02,85,88,80;0;0;0;0;0;0;0;();(-2000.0, -2000.0);
03:34:19:132;6;24,07,02,85,88,80;0;0;0;0;0;0;0;();(-2000.0, -2000.0);
03:34:19:148;6;24,07,02,85,88,80;0;0;0;0;0;0;0;();(-2000.0, -2000.0);
03:34:19:165;6;24,07,02,85,88,80;0;0;0;0;0;0;0;();(-2000.0, -2000.0);
03:34:19:200;6;24,07,02,85,88,80;0;0;0;0;0;0;0;();(-2000.0, -2000.0);
03:34:19:218;6;24,07,02,85,88,80;0;0;0;0;0;0;0;();(-2000.0, -2000.0);
03:34:19:234;6;24,07,02,85,88,80;0;0;0;0;0;0;0;();(-2000.0, -2000.0);
03:34:19:251;6;24,07,02,85,88,80;0;0;0;0;0;0;0;();(-2000.0, -2000.0);
03:34:19:268;6;24,07,02,85,88,80;0;0;0;0;0;0;0;();(-2000.0, -2000.0);
03:34:19:300;6;24,07,02,85,88,80;0;0;0;0;0;0;0;();(-2000.0, -2000.0);
03:34:19:317;6;24,07,02,85,88,80;0;0;0;0;0;0;0;();(-2000.0, -2000.0);
03:34:19:334;6;24,07,02,85,88,80;0;0;0;0;0;0;0;();(-2000.0, -2000.0);
03:34:19:351;6;24,07,02,85,88,80;0;0;0;0;0;0;0;();(-2000.0, -2000.0);
03:34:19:366;6;24,07,02,85,88,80;0;0;0;0;0;0;0;();(-2000.0, -2000.0);
03:34:19:398;6;24,07,02,85,88,80;0;0;0;0;0;0;0;();(-2000.0, -2000.0);
03:34:19:416;6;24,07,02,85,88,80;0;0;0;0;0;0;0;();(-2000.0, -2000.0);
03:34:19:435;6;24,07,02,85,88,80;0;0;0;0;0;0;0;();(-2000.0, -2000.0);
03:34:19:451;6;24,07,02,85,88,80;0;0;0;0;0;0;0;();(-2000.0, -2000.0);
03:34:19:465;6;24,07,02,85,88,80;0;0;0;0;0;0;0;();(-2000.0, -2000.0);
03:34:19:499;6;24,07,02,85,88,80;0;0;0;0;0;0;0;();(-2000.0, -2000.0);
03:34:19:517;6;24,07,02,85,88,80;0;0;0;0;0;0;0;();(-2000.0, -2000.0);
03:34:19:532;6;24,07,02,85,88,80;0;0;0;0;0;0;0;();(-2000.0, -2000.0);
03:34:19:550;6;24,07,02,85,88,80;0;0;0;0;0;0;0;();(-2000.0, -2000.0);
03:34:19:566;6;24,07,02,85,88,80;0;0;0;0;0;0;0;();(-2000.0, -2000.0);
03:34:19:598;6;24,07,02,85,88,80;0;0;0;0;0;0;0;();(-2000.0, -2000.0);
03:34:19:616;6;24,07,02,85,88,80;0;0;0;0;0;0;0;();(-2000.0, -2000.0);
03:34:19:633;6;24,07,02,85,88,80;0;0;0;0;0;0;0;();(-2000.0, -2000.0);
03:34:19:650;6;24,07,02,85,88,80;0;0;0;0;0;0;0;();(-2000.0, -2000.0);
03:34:19:666;6;24,07,02,85,88,80;0;0;0;0;0;0;0;();(-2000.0, -2000.0);
03:34:19:699;6;24,07,02,85,88,80;0;0;0;0;0;0;0;();(-2000.0, -2000.0);
03:34:19:715;6;24,07,02,85,88,80;0;0;0;0;0;0;0;();(-2000.0, -2000.0);
03:34:19:733;6;24,07,02,85,88,80;0;0;0;0;0;0;0;();(-2000.0, -2000.0);
03:34:19:750;6;24,07,02,85,88,80;0;0;0;0;0;0;0;();(-2000.0, -2000.0);
03:34:19:766;6;24,07,02,85,88,80;0;0;0;0;0;0;0;();(-2000.0, -2000.0);
03:34:19:800;6;24,07,02,85,88,80;0;0;0;0;0;0;0;();(-2000.0, -2000.0);
03:34:19:816;6;24,07,02,85,88,80;0;0;0;0;0;0;0;();(-2000.0, -2000.0);
03:34:19:833;6;24,07,02,85,88,80;0;0;0;0;0;0;0;();(-2000.0, -2000.0);
03:34:19:850;6;24,07,02,85,88,80;0;0;0;0;0;0;0;();(-2000.0, -2000.0);
03:34:19:866;6;24,07,02,85,88,80;0;0;0;0;0;0;0;();(-2000.0, -2000.0);
03:34:19:900;6;24,07,02,85,88,80;0;0;0;0;0;0;0;();(-2000.0, -2000.0);
03:34:19:917;6;24,07,02,85,88,80;0;0;0;0;0;0;0;();(-2000.0, -2000.0);
03:34:19:932;6;24,07,02,85,88,80;0;0;0;0;0;0;0;();(-2000.0, -2000.0);
03:34:19:949;6;24,07,02,85,88,80;0;0;0;0;0;0;0;();(-2000.0, -2000.0);
03:34:19:966;6;24,07,02,85,88,80;0;0;0;0;0;0;0;();(-2000.0, -2000.0);
03:34:20:004;6;24,07,02,85,88,80;0;0;0;0;0;0;0;();(-2000.0, -2000.0);
03:34:20:018;6;24,07,02,85,88,80;0;0;0;0;0;0;0;();(-2000.0, -2000.0);
03:34:20:035;6;24,07,02,85,88,80;0;0;0;0;0;0;0;();(-2000.0, -2000.0);
03:34:20:052;6;24,07,02,85,88,80;0;0;0;0;0;0;0;();(-2000.0, -2000.0);
03:34:20:067;6;24,07,02,85,88,80;0;0;0;0;0;0;0;();(-2000.0, -2000.0);
03:34:20:100;6;24,07,02,85,88,80;0;0;0;0;0;0;0;();(-2000.0, -2000.0);
03:34:20:117;6;24,07,02,85,88,80;0;0;0;0;0;0;0;();(-2000.0, -2000.0);
03:34:20:133;6;24,07,02,85,88,80;0;0;0;0;0;0;0;();(-2000.0, -2000.0);
03:34:20:151;6;24,07,02,85,88,80;0;0;0;0;0;0;0;();(-2000.0, -2000.0);
03:34:20:167;6;24,07,02,85,88,80;0;0;0;0;0;0;0;();(-2000.0, -2000.0);
03:34:20:201;6;24,07,02,85,88,80;0;0;0;0;0;0;0;();(-2000.0, -2000.0);
03:34:20:217;6;24,07,02,85,88,80;0;0;0;0;0;0;0;();(-2000.0, -2000.0);
03:34:20:234;6;24,07,02,85,88,80;0;0;0;0;0;0;0;();(-2000.0, -2000.0);
03:34:20:249;6;24,07,02,85,88,80;0;0;0;0;0;0;0;();(-2000.0, -2000.0);
03:34:20:267;6;24,07,02,85,88,80;0;0;0;0;0;0;0;();(-2000.0, -2000.0);
03:34:20:302;6;24,07,02,85,88,80;0;0;0;0;0;0;0;();(-2000.0, -2000.0);
03:34:20:318;6;24,07,02,85,88,80;0;0;0;0;0;0;0;();(-2000.0, -2000.0);
03:34:20:333;6;24,07,02,85,88,80;0;0;0;0;0;0;0;();(-2000.0, -2000.0);
03:34:20:350;6;24,07,02,85,88,80;0;0;0;0;0;0;0;();(-2000.0, -2000.0);
03:34:20:368;6;24,07,02,85,88,80;0;0;0;0;0;0;0;();(-2000.0, -2000.0);
03:34:20:402;6;24,07,02,85,88,80;0;0;0;0;0;0;0;();(-2000.0, -2000.0);
03:34:20:419;6;24,07,02,85,88,80;0;0;0;0;0;0;0;();(-2000.0, -2000.0);
03:34:20:435;6;24,07,02,85,88,80;0;0;0;0;0;0;0;();(-2000.0, -2000.0);
03:34:20:449;6;24,07,02,85,88,80;0;0;0;0;0;0;0;();(-2000.0, -2000.0);
03:34:20:467;6;24,07,02,85,88,80;0;0;0;0;0;0;0;();(-2000.0, -2000.0);
03:34:20:499;6;24,07,02,85,88,80;0;0;0;0;0;0;0;();(-2000.0, -2000.0);
03:34:20:516;6;24,07,02,85,88,80;0;0;0;0;0;0;0;();(-2000.0, -2000.0);
03:34:20:533;6;24,07,02,85,88,80;0;0;0;0;0;0;0;();(-2000.0, -2000.0);
03:34:20:550;6;24,07,02,85,88,80;0;0;0;0;0;0;0;();(-2000.0, -2000.0);
03:34:20:566;6;24,07,02,85,88,80;0;0;0;0;0;0;0;();(-2000.0, -2000.0);
03:34:20:600;6;24,07,02,85,88,80;0;0;0;0;0;0;0;();(-2000.0, -2000.0);
03:34:20:616;6;24,07,02,85,88,80;0;0;0;0;0;0;0;();(-2000.0, -2000.0);
03:34:20:633;6;24,07,02,85,88,80;0;0;0;0;0;0;0;();(-2000.0, -2000.0);
03:34:20:649;6;24,07,02,85,88,80;0;0;0;0;0;0;0;();(-2000.0, -2000.0);
03:34:20:667;6;24,07,02,85,88,80;0;0;0;0;0;0;0;();(-2000.0, -2000.0);
03:34:20:699;6;24,07,02,85,88,80;0;0;0;0;0;0;0;();(-2000.0, -2000.0);
03:34:20:717;6;24,07,02,85,88,80;0;0;0;0;0;0;0;();(-2000.0, -2000.0);
03:34:20:733;6;24,07,02,85,88,80;0;0;0;0;0;0;0;();(-2000.0, -2000.0);
03:34:20:750;6;24,07,02,85,88,80;0;0;0;0;0;0;0;();(-2000.0, -2000.0);
03:34:20:766;6;24,07,02,85,88,80;0;0;0;0;0;0;0;();(-2000.0, -2000.0);
03:34:20:802;8;24,07,02,85,88,80,43,73;0;0;0;0;0;0;0;();(-2000.0, -2000.0);
03:34:20:818;8;24,07,02,85,88,80,43,73;0;0;0;0;0;0;0;();(-2000.0, -2000.0);
03:34:20:833;8;24,07,02,85,88,80,43,73;0;0;0;0;0;0;0;();(-2000.0, -2000.0);
03:34:20:849;8;24,07,02,85,88,80,43,73;0;0;0;0;0;0;0;();(-2000.0, -2000.0);
03:34:20:866;8;24,07,02,85,88,80,43,73;0;0;0;0;0;0;0;();(-2000.0, -2000.0);
03:34:20:900;8;24,07,02,85,88,80,43,73;0;0;0;0;0;0;0;();(-2000.0, -2000.0);
03:34:20:916;8;24,07,02,85,88,80,43,73;0;0;0;0;0;0;0;();(-2000.0, -2000.0);
03:34:20:933;8;24,07,02,85,88,80,43,73;0;0;0;0;0;0;0;();(-2000.0, -2000.0);
03:34:20:950;8;24,07,02,85,88,80,43,73;0;0;0;0;0;0;0;();(-2000.0, -2000.0);
03:34:20:966;8;24,07,02,85,88,80,43,73;0;0;0;0;0;0;0;();(-2000.0, -2000.0);
03:34:20:984;8;24,07,02,85,88,80,43,73;0;0;0;0;0;0;0;();(-2000.0, -2000.0);
03:34:21:019;8;24,07,02,85,88,80,43,73;0;0;0;0;0;0;0;();(-2000.0, -2000.0);
03:34:21:036;8;24,07,02,85,88,80,43,73;0;0;0;0;0;0;0;();(-2000.0, -2000.0);
03:34:21:053;8;24,07,02,85,88,80,43,73;0;0;0;0;0;0;0;();(-2000.0, -2000.0);
03:34:21:069;8;24,07,02,85,88,80,43,73;0;0;0;0;0;0;0;();(-2000.0, -2000.0);
03:34:21:086;8;24,07,02,85,88,80,43,73;0;0;0;0;0;0;0;();(-2000.0, -2000.0);
03:34:21:119;8;24,07,02,85,88,80,43,73;0;0;0;0;0;0;0;();(-2000.0, -2000.0);
03:34:21:136;8;24,07,02,85,88,80,43,73;0;0;0;0;0;0;0;();(-2000.0, -2000.0);
03:34:21:152;8;24,07,02,85,88,80,43,73;0;0;0;0;0;0;0;();(-2000.0, -2000.0);
03:34:21:166;8;24,07,02,85,88,80,43,73;0;0;0;0;0;0;0;();(-2000.0, -2000.0);
03:34:21:185;8;24,07,02,85,88,80,43,73;0;0;0;0;0;0;0;();(-2000.0, -2000.0);
03:34:21:218;8;24,07,02,85,88,80,43,73;0;0;0;0;0;0;0;();(-2000.0, -2000.0);
03:34:21:235;8;24,07,02,85,88,80,43,73;0;0;0;0;0;0;0;();(-2000.0, -2000.0);
03:34:21:250;8;24,07,02,85,88,80,43,73;0;0;0;0;0;0;0;();(-2000.0, -2000.0);
03:34:21:268;8;24,07,02,85,88,80,43,73;0;0;0;0;0;0;0;();(-2000.0, -2000.0);
03:34:21:284;8;24,07,02,85,88,80,43,73;0;0;0;0;0;0;0;();(-2000.0, -2000.0);
03:34:21:317;8;24,07,02,85,88,80,43,73;0;0;0;0;0;0;0;();(-2000.0, -2000.0);
03:34:21:334;8;24,07,02,85,88,80,43,73;0;0;0;0;0;0;0;();(-2000.0, -2000.0);
03:34:21:351;8;24,07,02,85,88,80,43,73;0;0;0;0;0;0;0;();(-2000.0, -2000.0);
03:34:21:367;8;24,07,02,85,88,80,43,73;0;0;0;0;0;0;0;();(-2000.0, -2000.0);
03:34:21:384;8;24,07,02,85,88,80,43,73;0;0;0;0;0;0;0;();(-2000.0, -2000.0);
03:34:21:417;8;24,07,02,85,88,80,43,73;0;0;0;0;0;0;0;();(-2000.0, -2000.0);
03:34:21:436;8;24,07,02,85,88,80,43,73;0;0;0;0;0;0;0;();(-2000.0, -2000.0);
03:34:21:453;8;24,07,02,85,88,80,43,73;0;0;0;0;0;0;0;();(-2000.0, -2000.0);
03:34:21:469;8;24,07,02,85,88,80,43,73;0;0;0;0;0;0;0;();(-2000.0, -2000.0);
03:34:21:487;8;24,07,02,85,88,80,43,73;0;0;0;0;0;0;0;();(-2000.0, -2000.0);
03:34:21:520;8;24,07,02,85,88,80,43,73;0;0;0;0;0;0;0;();(-2000.0, -2000.0);
03:34:21:537;8;24,07,02,85,88,80,43,73;0;0;0;0;0;0;0;();(-2000.0, -2000.0);
03:34:21:553;8;24,07,02,85,88,80,43,73;0;0;0;0;0;0;0;();(-2000.0, -2000.0);
03:34:21:569;8;24,07,02,85,88,80,43,73;0;0;0;0;0;0;0;();(-2000.0, -2000.0);
03:34:21:585;8;24,07,02,85,88,80,43,73;0;0;0;0;0;0;0;();(-2000.0, -2000.0);
03:34:21:620;8;24,07,02,85,88,80,43,73;0;0;0;0;0;0;0;();(-2000.0, -2000.0);
03:34:21:637;8;24,07,02,85,88,80,43,73;0;0;0;0;0;0;0;();(-2000.0, -2000.0);
03:34:21:653;8;24,07,02,85,88,80,43,73;0;0;0;0;0;0;0;();(-2000.0, -2000.0);
03:34:21:669;8;24,07,02,85,88,80,43,73;0;0;0;0;0;0;0;();(-2000.0, -2000.0);
03:34:21:686;8;24,07,02,85,88,80,43,73;0;0;0;0;0;0;0;();(-2000.0, -2000.0);
03:34:21:720;8;24,07,02,85,88,80,43,73;0;0;0;0;0;0;0;();(-2000.0, -2000.0);
03:34:21:736;8;24,07,02,85,88,80,43,73;0;0;0;0;0;0;0;();(-2000.0, -2000.0);
03:34:21:753;8;24,07,02,85,88,80,43,73;0;0;0;0;0;0;0;();(-2000.0, -2000.0);
03:34:21:770;8;24,07,02,85,88,80,43,73;0;0;0;0;0;0;0;();(-2000.0, -2000.0);
03:34:21:786;8;24,07,02,85,88,80,43,73;0;0;0;0;0;0;0;();(-2000.0, -2000.0);
03:34:21:821;8;24,07,02,85,88,80,43,73;0;0;0;0;0;0;0;();(-2000.0, -2000.0);
03:34:21:837;8;24,07,02,85,88,80,43,73;0;0;0;0;0;0;0;();(-2000.0, -2000.0);
03:34:21:853;8;24,07,02,85,88,80,43,73;0;0;0;0;0;0;0;();(-2000.0, -2000.0);
03:34:21:870;8;24,07,02,85,88,80,43,73;0;0;0;0;0;0;0;();(-2000.0, -2000.0);
03:34:21:886;8;24,07,02,85,88,80,43,73;0;0;0;0;0;0;0;();(-2000.0, -2000.0);
03:34:21:919;8;24,07,02,85,88,80,43,73;0;0;0;0;0;0;0;();(-2000.0, -2000.0);
03:34:21:935;8;24,07,02,85,88,80,43,73;0;0;0;0;0;0;0;();(-2000.0, -2000.0);
03:34:21:951;8;24,07,02,85,88,80,43,73;0;0;0;0;0;0;0;();(-2000.0, -2000.0);
03:34:21:968;8;24,07,02,85,88,80,43,73;0;0;0;0;0;0;0;();(-2000.0, -2000.0);
03:34:21:985;8;24,07,02,85,88,80,43,73;0;0;0;0;0;0;0;();(-2000.0, -2000.0);
03:34:22:019;8;24,07,02,85,88,80,43,73;0;0;0;0;0;0;0;();(-2000.0, -2000.0);
03:34:22:036;8;24,07,02,85,88,80,43,73;0;0;0;0;0;0;0;();(-2000.0, -2000.0);
03:34:22:052;8;24,07,02,85,88,80,43,73;0;0;0;0;0;0;0;();(-2000.0, -2000.0);
03:34:22:070;8;24,07,02,85,88,80,43,73;0;0;0;0;0;0;0;();(-2000.0, -2000.0);
03:34:22:087;8;24,07,02,85,88,80,43,73;0;0;0;0;0;0;0;();(-2000.0, -2000.0);
03:34:22:121;8;24,07,02,85,88,80,43,73;0;0;0;0;0;0;0;();(-2000.0, -2000.0);
03:34:22:138;8;24,07,02,85,88,80,43,73;0;0;0;0;0;0;0;();(-2000.0, -2000.0);
03:34:22:153;8;24,07,02,85,88,80,43,73;0;0;0;0;0;0;0;();(-2000.0, -2000.0);
03:34:22:170;8;24,07,02,85,88,80,43,73;0;0;0;0;0;0;0;();(-2000.0, -2000.0);
03:34:22:187;8;24,07,02,85,88,80,43,73;0;0;0;0;0;0;0;();(-2000.0, -2000.0);
03:34:22:220;8;24,07,02,85,88,80,43,73;0;0;0;0;0;0;0;();(-2000.0, -2000.0);
03:34:22:237;8;24,07,02,85,88,80,43,73;0;0;0;0;0;0;0;();(-2000.0, -2000.0);
03:34:22:254;8;24,07,02,85,88,80,43,73;0;0;0;0;0;0;0;();(-2000.0, -2000.0);
03:34:22:271;8;24,07,02,85,88,80,43,73;0;0;0;0;0;0;0;();(-2000.0, -2000.0);
03:34:22:287;8;24,07,02,85,88,80,43,73;0;0;0;0;0;0;0;();(-2000.0, -2000.0);
03:34:22:320;8;24,07,02,85,88,80,43,73;0;0;0;0;0;0;0;();(-2000.0, -2000.0);
03:34:22:337;8;24,07,02,85,88,80,43,73;0;0;0;0;0;0;0;();(-2000.0, -2000.0);
03:34:22:354;8;24,07,02,85,88,80,43,73;0;0;0;0;0;0;0;();(-2000.0, -2000.0);
03:34:22:368;8;24,07,02,85,88,80,43,73;0;0;0;0;0;0;0;();(-2000.0, -2000.0);
03:34:22:386;8;24,07,02,85,88,80,43,73;0;0;0;0;0;0;0;();(-2000.0, -2000.0);
03:34:22:421;8;24,07,02,85,88,80,43,73;0;0;0;0;0;0;0;();(-2000.0, -2000.0);
03:34:22:437;8;24,07,02,85,88,80,43,73;0;0;0;0;0;0;0;();(-2000.0, -2000.0);
03:34:22:454;8;24,07,02,85,88,80,43,73;0;0;0;0;0;0;0;();(-2000.0, -2000.0);
03:34:22:471;8;24,07,02,85,88,80,43,73;0;0;0;0;0;0;0;();(-2000.0, -2000.0);
03:34:22:487;8;24,07,02,85,88,80,43,73;0;0;0;0;0;0;0;();(-2000.0, -2000.0);
03:34:22:520;8;24,07,02,85,88,80,43,73;0;0;0;0;0;0;0;();(-2000.0, -2000.0);
03:34:22:537;8;24,07,02,85,88,80,43,73;0;0;0;0;0;0;0;();(-2000.0, -2000.0);
03:34:22:553;8;24,07,02,85,88,80,43,73;0;0;0;0;0;0;0;();(-2000.0, -2000.0);
03:34:22:570;8;24,07,02,85,88,80,43,73;0;0;0;0;0;0;0;();(-2000.0, -2000.0);
03:34:22:586;8;24,07,02,85,88,80,43,73;0;0;0;0;0;0;0;();(-2000.0, -2000.0);
03:34:22:619;8;24,07,02,85,88,80,43,73;0;0;0;0;0;0;0;();(-2000.0, -2000.0);
03:34:22:635;8;24,07,02,85,88,80,43,73;0;0;0;0;0;0;0;();(-2000.0, -2000.0);
03:34:22:653;8;24,07,02,85,88,80,43,73;0;0;0;0;0;0;0;();(-2000.0, -2000.0);
03:34:22:668;8;24,07,02,85,88,80,43,73;0;0;0;0;0;0;0;();(-2000.0, -2000.0);
03:34:22:685;8;24,07,02,85,88,80,43,73;0;0;0;0;0;0;0;();(-2000.0, -2000.0);
03:34:22:718;8;24,07,02,85,88,80,43,73;0;0;0;0;0;0;0;();(-2000.0, -2000.0);
03:34:22:736;8;24,07,02,85,88,80,43,73;0;0;0;0;0;0;0;();(-2000.0, -2000.0);
03:34:22:752;8;24,07,02,85,88,80,43,73;0;0;0;0;0;0;0;();(-2000.0, -2000.0);
03:34:22:768;8;24,07,02,85,88,80,43,73;0;0;0;0;0;0;0;();(-2000.0, -2000.0);
03:34:22:785;8;24,07,02,85,88,80,43,73;0;0;0;0;0;0;0;();(-2000.0, -2000.0);
03:34:22:819;8;24,07,02,85,88,80,43,73;0;0;0;0;0;0;0;();(-2000.0, -2000.0);
03:34:22:835;8;24,07,02,85,88,80,43,73;0;0;0;0;0;0;0;();(-2000.0, -2000.0);
03:34:22:861;8;24,07,02,85,88,80,43,73;0;0;0;0;0;0;0;();(-2000.0, -2000.0);
03:34:22:868;8;24,07,02,85,88,80,43,73;0;0;0;0;0;0;0;();(-2000.0, -2000.0);
03:34:22:885;8;24,07,02,85,88,80,43,73;0;0;0;0;0;0;0;();(-2000.0, -2000.0);
03:34:22:919;8;24,07,02,85,88,80,43,73;0;0;0;0;0;0;0;();(-2000.0, -2000.0);
03:34:22:935;8;24,07,02,85,88,80,43,73;0;0;0;0;0;0;0;();(-2000.0, -2000.0);
03:34:22:952;8;24,07,02,85,88,80,43,73;0;0;0;0;0;0;0;();(-2000.0, -2000.0);
03:34:22:968;8;24,07,02,85,88,80,43,73;0;0;0;0;0;0;0;();(-2000.0, -2000.0);
03:34:22:986;8;24,07,02,85,88,80,43,73;0;0;0;0;0;0;0;();(-2000.0, -2000.0);
03:34:23:019;8;24,07,02,85,88,80,43,73;0;0;0;0;0;0;0;();(-2000.0, -2000.0);
03:34:23:035;8;24,07,02,85,88,80,43,73;0;0;0;0;0;0;0;();(-2000.0, -2000.0);
03:34:23:052;8;24,07,02,85,88,80,43,73;0;0;0;0;0;0;0;();(-2000.0, -2000.0);
03:34:23:070;8;24,07,02,85,88,80,43,73;0;0;0;0;0;0;0;();(-2000.0, -2000.0);
03:34:23:085;8;24,07,02,85,88,80,43,73;0;0;0;0;0;0;0;();(-2000.0, -2000.0);
03:34:23:123;8;24,07,02,85,88,80,43,73;0;0;0;0;0;0;0;();(-2000.0, -2000.0);
03:34:23:137;8;24,07,02,85,88,80,43,73;0;0;0;0;0;0;0;();(-2000.0, -2000.0);
03:34:23:155;8;24,07,02,85,88,80,43,73;0;0;0;0;0;0;0;();(-2000.0, -2000.0);
03:34:23:171;8;24,07,02,85,88,80,43,73;0;0;0;0;0;0;0;();(-2000.0, -2000.0);
03:34:23:187;8;24,07,02,85,88,80,43,73;0;0;0;0;0;0;0;();(-2000.0, -2000.0);
03:34:23:219;8;24,07,02,85,88,80,43,73;0;0;0;0;0;0;0;();(-2000.0, -2000.0);
03:34:23:236;8;24,07,02,85,88,80,43,73;0;0;0;0;0;0;0;();(-2000.0, -2000.0);
03:34:23:253;8;24,07,02,85,88,80,43,73;0;0;0;0;0;0;0;();(-2000.0, -2000.0);
03:34:23:270;8;24,07,02,85,88,80,43,73;0;0;0;0;0;0;0;();(-2000.0, -2000.0);
03:34:23:286;8;24,07,02,85,88,80,43,73;0;0;0;0;0;0;0;();(-2000.0, -2000.0);
03:34:23:318;8;24,07,02,85,88,80,43,73;0;0;0;0;0;0;0;();(-2000.0, -2000.0);
03:34:23:337;8;24,07,02,85,88,80,43,73;0;0;0;0;0;0;0;();(-2000.0, -2000.0);
03:34:23:355;8;24,07,02,85,88,80,43,73;0;0;0;0;0;0;0;();(-2000.0, -2000.0);
03:34:23:371;8;24,07,02,85,88,80,43,73;0;0;0;0;0;0;0;();(-2000.0, -2000.0);
03:34:23:388;8;24,07,02,85,88,80,43,73;0;0;0;0;0;0;0;();(-2000.0, -2000.0);
03:34:23:422;8;24,07,02,85,88,80,43,73;0;0;0;0;0;0;0;();(-2000.0, -2000.0);
03:34:23:438;8;24,07,02,85,88,80,43,73;0;0;0;0;0;0;0;();(-2000.0, -2000.0);
03:34:23:454;8;24,07,02,85,88,80,43,73;0;0;0;0;0;0;0;();(-2000.0, -2000.0);
03:34:23:472;8;24,07,02,85,88,80,43,73;0;0;0;0;0;0;0;();(-2000.0, -2000.0);
03:34:23:488;8;24,07,02,85,88,80,43,73;0;0;0;0;0;0;0;();(-2000.0, -2000.0);
03:34:23:521;10;24,07,02,85,88,80,43,73,74,71;0;0;0;0;0;0;0;();(-2000.0, -2000.0);
03:34:23:537;10;24,07,02,85,88,80,43,73,74,71;0;0;0;0;0;0;0;();(-2000.0, -2000.0);
03:34:23:554;10;24,07,02,85,88,80,43,73,74,71;0;0;0;0;0;0;0;();(-2000.0, -2000.0);
03:34:23:570;10;24,07,02,85,88,80,43,73,74,71;0;0;0;0;0;0;0;();(-2000.0, -2000.0);
