%Timestamp,timestamp_write;timestamp_gotpupil;eyeTrackerTime;normPos;diameter;confidence;nplanes;listofAirplanesonScreen;lastAction;lastActionDetails;lastActionAirplaneNumber;calculatedScore;positiveScore;negativeScore;collidedAirplaneNumbers;targetPositions;collisionPoint
03:24:30:476;1448289630.09;(0, 0);0;0;0;0;0;0;0;0;0;0;0;();(-2000.0, -2000.0);
03:24:30:485;1448289630.09;(0, 0);0;0;0;0;0;0;0;0;0;0;0;();(-2000.0, -2000.0);
03:24:30:493;1448289630.09;(0, 0);0;0;0;0;0;0;0;0;0;0;0;();(-2000.0, -2000.0);
03:24:30:500;1448289630.09;(0, 0);0;0;0;0;0;0;0;0;0;0;0;();(-2000.0, -2000.0);
03:24:30:507;1448289630.09;(0, 0);0;0;0;0;0;0;0;0;0;0;0;();(-2000.0, -2000.0);
03:24:30:514;1448289630.09;(0, 0);0;0;0;0;0;0;0;0;0;0;0;();(-2000.0, -2000.0);
03:24:30:521;1448289630.09;(0, 0);0;0;0;0;0;0;0;0;0;0;0;();(-2000.0, -2000.0);
03:24:30:528;1448289630.09;(0, 0);0;0;0;0;0;0;0;0;0;0;0;();(-2000.0, -2000.0);
03:24:30:536;1448289630.09;(0, 0);0;0;0;0;0;0;0;0;0;0;0;();(-2000.0, -2000.0);
03:24:30:543;1448289630.09;(0, 0);0;0;0;0;0;0;0;0;0;0;0;();(-2000.0, -2000.0);
03:24:30:550;1448289630.09;(0, 0);0;0;0;0;0;0;0;0;0;0;0;();(-2000.0, -2000.0);
03:24:30:557;1448289630.09;(0, 0);0;0;0;0;0;0;0;0;0;0;0;();(-2000.0, -2000.0);
03:24:30:564;1448289630.09;(0, 0);0;0;0;0;0;0;0;0;0;0;0;();(-2000.0, -2000.0);
03:24:30:571;03:24:30:561;1448289630.22;(0, 0);0;0;0;0;0;0;0;0;0;0;0;();(-2000.0, -2000.0);
03:24:30:579;03:24:30:561;1448289630.22;(0, 0);0;0;0;0;0;0;0;0;0;0;0;();(-2000.0, -2000.0);
03:24:30:586;03:24:30:561;1448289630.22;(0, 0);0;0;0;0;0;0;0;0;0;0;0;();(-2000.0, -2000.0);
03:24:30:624;03:24:30:561;1448289630.22;(0, 0);0;0;0;0;0;0;0;0;0;0;0;();(-2000.0, -2000.0);
03:24:30:632;03:24:30:561;1448289630.22;(0, 0);0;0;0;0;0;0;0;0;0;0;0;();(-2000.0, -2000.0);
03:24:30:639;03:24:30:561;1448289630.22;(0, 0);0;0;0;0;0;0;0;0;0;0;0;();(-2000.0, -2000.0);
03:24:30:646;03:24:30:561;1448289630.22;(0, 0);0;0;0;0;0;0;0;0;0;0;0;();(-2000.0, -2000.0);
03:24:30:653;03:24:30:561;1448289630.22;(0, 0);0;0;0;0;0;0;0;0;0;0;0;();(-2000.0, -2000.0);
03:24:30:660;03:24:30:561;1448289630.22;(0, 0);0;0;0;0;0;0;0;0;0;0;0;();(-2000.0, -2000.0);
03:24:30:667;03:24:30:561;1448289630.22;(0, 0);0;0;0;0;0;0;0;0;0;0;0;();(-2000.0, -2000.0);
03:24:30:674;03:24:30:561;1448289630.22;(0, 0);0;0;0;0;0;0;0;0;0;0;0;();(-2000.0, -2000.0);
03:24:30:688;03:24:30:561;1448289630.22;(0, 0);0;0;0;0;0;0;0;0;0;0;0;();(-2000.0, -2000.0);
03:24:30:696;03:24:30:561;1448289630.22;(0, 0);0;0;0;0;0;0;0;0;0;0;0;();(-2000.0, -2000.0);
03:24:30:703;03:24:30:695;1448289630.35;(0, 0);0;0;0;0;0;0;0;0;0;0;0;();(-2000.0, -2000.0);
03:24:30:715;03:24:30:695;1448289630.35;(0, 0);0;0;0;0;0;0;0;0;0;0;0;();(-2000.0, -2000.0);
03:24:30:731;03:24:30:695;1448289630.35;(0, 0);0;0;0;0;0;0;0;0;0;0;0;();(-2000.0, -2000.0);
03:24:30:748;03:24:30:695;1448289630.35;(0, 0);0;0;0;0;0;0;0;0;0;0;0;();(-2000.0, -2000.0);
03:24:30:765;03:24:30:695;1448289630.35;(0, 0);0;0;0;0;0;0;0;0;0;0;0;();(-2000.0, -2000.0);
03:24:30:798;03:24:30:695;1448289630.35;(0, 0);0;0;0;0;0;0;0;0;0;0;0;();(-2000.0, -2000.0);
03:24:30:814;03:24:30:695;1448289630.35;(0, 0);0;0;0;0;0;0;0;0;0;0;0;();(-2000.0, -2000.0);
03:24:30:831;03:24:30:823;1448289630.49;(0, 0);0;0;0;0;0;0;0;0;0;0;0;();(-2000.0, -2000.0);
03:24:30:847;03:24:30:823;1448289630.49;(0, 0);0;0;0;0;0;0;0;0;0;0;0;();(-2000.0, -2000.0);
03:24:30:864;03:24:30:823;1448289630.49;(0, 0);0;0;0;0;0;0;0;0;0;0;0;();(-2000.0, -2000.0);
03:24:30:897;03:24:30:823;1448289630.49;(0, 0);0;0;0;0;0;0;0;0;0;0;0;();(-2000.0, -2000.0);
03:24:30:914;03:24:30:823;1448289630.49;(0, 0);0;0;0;0;0;0;0;0;0;0;0;();(-2000.0, -2000.0);
03:24:30:930;03:24:30:823;1448289630.49;(0, 0);0;0;0;0;0;0;0;0;0;0;0;();(-2000.0, -2000.0);
03:24:30:947;03:24:30:823;1448289630.49;(0, 0);0;0;0;0;0;0;0;0;0;0;0;();(-2000.0, -2000.0);
03:24:30:963;03:24:30:955;1448289630.62;(0, 0);0;0;0;0;0;0;0;0;0;0;0;();(-2000.0, -2000.0);
03:24:30:996;03:24:30:955;1448289630.62;(0, 0);0;0;0;0;0;0;0;0;0;0;0;();(-2000.0, -2000.0);
03:24:31:013;03:24:30:955;1448289630.62;(0, 0);0;0;0;0;0;0;0;0;0;0;0;();(-2000.0, -2000.0);
03:24:31:030;03:24:30:955;1448289630.62;(0, 0);0;0;0;0;0;0;0;0;0;0;0;();(-2000.0, -2000.0);
03:24:31:046;03:24:30:955;1448289630.62;(0, 0);0;0;0;0;0;0;0;0;0;0;0;();(-2000.0, -2000.0);
03:24:31:063;03:24:30:955;1448289630.62;(0, 0);0;0;0;0;0;0;0;0;0;0;0;();(-2000.0, -2000.0);
03:24:31:096;03:24:31:087;1448289630.75;(0, 0);0;0;0;0;0;0;0;0;0;0;0;();(-2000.0, -2000.0);
03:24:31:112;03:24:31:087;1448289630.75;(0, 0);0;0;0;0;0;0;0;0;0;0;0;();(-2000.0, -2000.0);
03:24:31:129;03:24:31:087;1448289630.75;(0, 0);0;0;0;0;0;0;0;0;0;0;0;();(-2000.0, -2000.0);
03:24:31:146;03:24:31:087;1448289630.75;(0, 0);0;0;0;0;0;0;0;0;0;0;0;();(-2000.0, -2000.0);
03:24:31:162;03:24:31:087;1448289630.75;(0, 0);0;0;0;0;0;0;0;0;0;0;0;();(-2000.0, -2000.0);
03:24:31:195;03:24:31:087;1448289630.75;(0, 0);0;0;0;0;0;0;0;0;0;0;0;();(-2000.0, -2000.0);
03:24:31:212;03:24:31:087;1448289630.75;(0, 0);0;0;0;0;0;0;0;0;0;0;0;();(-2000.0, -2000.0);
03:24:31:229;03:24:31:221;1448289630.89;(0, 0);0;0;0;0;0;0;0;0;0;0;0;();(-2000.0, -2000.0);
03:24:31:245;03:24:31:221;1448289630.89;(0, 0);0;0;0;0;0;0;0;0;0;0;0;();(-2000.0, -2000.0);
03:24:31:262;03:24:31:221;1448289630.89;(0, 0);0;0;0;0;0;0;0;0;0;0;0;();(-2000.0, -2000.0);
03:24:31:295;03:24:31:221;1448289630.89;(0, 0);0;0;0;0;0;0;0;0;0;0;0;();(-2000.0, -2000.0);
03:24:31:311;03:24:31:221;1448289630.89;(0, 0);0;0;0;0;0;0;0;0;0;0;0;();(-2000.0, -2000.0);
03:24:31:328;03:24:31:221;1448289630.89;(0, 0);0;0;0;0;0;0;0;0;0;0;0;();(-2000.0, -2000.0);
03:24:31:344;03:24:31:221;1448289630.89;(0, 0);0;0;0;0;0;0;0;0;0;0;0;();(-2000.0, -2000.0);
03:24:31:377;03:24:31:355;1448289631.02;(0, 0);0;0;0;0;0;0;0;0;0;0;0;();(-2000.0, -2000.0);
03:24:31:394;03:24:31:355;1448289631.02;(0, 0);0;0;0;0;0;0;0;0;0;0;0;();(-2000.0, -2000.0);
03:24:31:411;03:24:31:355;1448289631.02;(0, 0);0;0;0;0;0;0;0;0;0;0;0;();(-2000.0, -2000.0);
03:24:31:428;03:24:31:355;1448289631.02;(0, 0);0;0;0;0;0;0;0;0;0;0;0;();(-2000.0, -2000.0);
03:24:31:444;03:24:31:355;1448289631.02;(0, 0);0;0;0;0;0;0;0;0;0;0;0;();(-2000.0, -2000.0);
03:24:31:477;03:24:31:355;1448289631.02;(0, 0);0;0;0;0;0;0;0;0;0;0;0;();(-2000.0, -2000.0);
03:24:31:494;03:24:31:488;1448289631.15;(0, 0);0;0;0;0;0;0;0;0;0;0;0;();(-2000.0, -2000.0);
03:24:31:510;03:24:31:488;1448289631.15;(0, 0);0;0;0;0;0;0;0;0;0;0;0;();(-2000.0, -2000.0);
03:24:31:527;03:24:31:488;1448289631.15;(0, 0);0;0;0;0;0;0;0;0;0;0;0;();(-2000.0, -2000.0);
03:24:31:543;03:24:31:488;1448289631.15;(0, 0);0;0;0;0;0;0;0;0;0;0;0;();(-2000.0, -2000.0);
03:24:31:576;03:24:31:488;1448289631.15;(0, 0);0;0;0;0;0;0;0;0;0;0;0;();(-2000.0, -2000.0);
03:24:31:593;03:24:31:488;1448289631.15;(0, 0);0;0;0;0;0;0;0;0;0;0;0;();(-2000.0, -2000.0);
03:24:31:610;03:24:31:488;1448289631.15;(0, 0);0;0;0;0;0;0;0;0;0;0;0;();(-2000.0, -2000.0);
03:24:31:626;03:24:31:620;1448289631.29;(0, 0);0;0;0;0;0;0;0;0;0;0;0;();(-2000.0, -2000.0);
03:24:31:648;03:24:31:620;1448289631.29;(0, 0);0;0;0;0;0;0;0;0;0;0;0;();(-2000.0, -2000.0);
03:24:31:678;03:24:31:620;1448289631.29;(0, 0);0;0;0;0;0;0;0;0;0;0;0;();(-2000.0, -2000.0);
03:24:31:695;03:24:31:620;1448289631.29;(0, 0);0;0;0;0;0;0;0;0;0;0;0;();(-2000.0, -2000.0);
03:24:31:711;03:24:31:620;1448289631.29;(0, 0);0;0;0;0;0;0;0;0;0;0;0;();(-2000.0, -2000.0);
03:24:31:727;03:24:31:620;1448289631.29;(0, 0);0;0;0;0;0;0;0;0;0;0;0;();(-2000.0, -2000.0);
03:24:31:744;03:24:31:620;1448289631.29;(0, 0);0;0;0;0;0;0;0;0;0;0;0;();(-2000.0, -2000.0);
03:24:31:777;03:24:31:751;1448289631.42;(0, 0);0;0;0;0;0;0;0;0;0;0;0;();(-2000.0, -2000.0);
03:24:31:794;03:24:31:751;1448289631.42;(0, 0);0;0;0;0;0;0;0;0;0;0;0;();(-2000.0, -2000.0);
03:24:31:810;03:24:31:751;1448289631.42;(0, 0);0;0;0;0;0;0;0;0;0;0;0;();(-2000.0, -2000.0);
03:24:31:827;03:24:31:751;1448289631.42;(0, 0);0;0;0;0;0;0;0;0;0;0;0;();(-2000.0, -2000.0);
03:24:31:843;03:24:31:751;1448289631.42;(0, 0);0;0;0;0;0;0;0;0;0;0;0;();(-2000.0, -2000.0);
03:24:31:876;03:24:31:751;1448289631.42;(0, 0);0;0;0;0;0;0;0;0;0;0;0;();(-2000.0, -2000.0);
03:24:31:893;03:24:31:883;1448289631.55;(0, 0);0;0;0;0;0;0;0;0;0;0;0;();(-2000.0, -2000.0);
03:24:31:910;03:24:31:883;1448289631.55;(0, 0);0;0;0;0;0;0;0;0;0;0;0;();(-2000.0, -2000.0);
03:24:31:926;03:24:31:883;1448289631.55;(0, 0);0;0;0;0;0;0;0;0;0;0;0;();(-2000.0, -2000.0);
03:24:31:943;03:24:31:883;1448289631.55;(0, 0);0;0;0;0;0;0;0;0;0;0;0;();(-2000.0, -2000.0);
03:24:31:976;03:24:31:883;1448289631.55;(0, 0);0;0;0;0;0;0;0;0;0;0;0;();(-2000.0, -2000.0);
03:24:31:992;03:24:31:883;1448289631.55;(0, 0);0;0;0;0;0;0;0;0;0;0;0;();(-2000.0, -2000.0);
03:24:32:009;03:24:31:883;1448289631.55;(0, 0);0;0;0;0;0;0;0;0;0;0;0;();(-2000.0, -2000.0);
03:24:32:026;03:24:31:883;1448289631.55;(0, 0);0;0;0;0;0;0;0;0;0;0;0;();(-2000.0, -2000.0);
03:24:32:043;03:24:31:883;1448289631.55;(0, 0);0;0;0;0;0;0;0;0;0;0;0;();(-2000.0, -2000.0);
03:24:32:075;03:24:32:040;1448289631.69;(0, 0);0;0;0;0;0;0;0;0;0;0;0;();(-2000.0, -2000.0);
03:24:32:092;03:24:32:040;1448289631.69;(0, 0);0;0;0;0;0;0;0;0;0;0;0;();(-2000.0, -2000.0);
03:24:32:109;03:24:32:040;1448289631.69;(0, 0);0;0;0;0;0;0;0;0;0;0;0;();(-2000.0, -2000.0);
03:24:32:125;03:24:32:040;1448289631.69;(0, 0);0;0;0;0;0;0;0;0;0;0;0;();(-2000.0, -2000.0);
03:24:32:142;03:24:32:040;1448289631.69;(0, 0);0;0;0;0;0;0;0;0;0;0;0;();(-2000.0, -2000.0);
03:24:32:175;03:24:32:151;1448289631.82;(0, 0);0;0;0;0;0;0;0;0;0;0;0;();(-2000.0, -2000.0);
03:24:32:191;03:24:32:151;1448289631.82;(0, 0);0;0;0;0;0;0;0;0;0;0;0;();(-2000.0, -2000.0);
03:24:32:208;03:24:32:151;1448289631.82;(0, 0);0;0;0;0;0;0;0;0;0;0;0;();(-2000.0, -2000.0);
03:24:32:224;03:24:32:151;1448289631.82;(0, 0);0;0;0;0;0;0;0;0;0;0;0;();(-2000.0, -2000.0);
03:24:32:258;03:24:32:151;1448289631.82;(0, 0);0;0;0;0;0;0;0;0;0;0;0;();(-2000.0, -2000.0);
03:24:32:274;03:24:32:151;1448289631.82;(0, 0);0;0;0;0;0;0;0;0;0;0;0;();(-2000.0, -2000.0);
03:24:32:291;03:24:32:283;1448289631.95;(0, 0);0;0;0;0;0;0;0;0;0;0;0;();(-2000.0, -2000.0);
03:24:32:307;03:24:32:283;1448289631.95;(0, 0);0;0;0;0;0;0;0;0;0;0;0;();(-2000.0, -2000.0);
03:24:32:324;03:24:32:283;1448289631.95;(0, 0);0;0;0;0;0;0;0;0;0;0;0;();(-2000.0, -2000.0);
03:24:32:358;03:24:32:283;1448289631.95;(0, 0);0;0;0;0;0;0;0;0;0;0;0;();(-2000.0, -2000.0);
03:24:32:374;03:24:32:283;1448289631.95;(0, 0);0;0;0;0;0;0;0;0;0;0;0;();(-2000.0, -2000.0);
03:24:32:391;03:24:32:283;1448289631.95;(0, 0);0;0;0;0;0;0;0;0;0;0;0;();(-2000.0, -2000.0);
03:24:32:407;03:24:32:283;1448289631.95;(0, 0);0;0;0;0;0;0;0;0;0;0;0;();(-2000.0, -2000.0);
03:24:32:424;03:24:32:416;1448289632.09;(0, 0);0;0;0;0;0;0;0;0;0;0;0;();(-2000.0, -2000.0);
03:24:32:457;03:24:32:416;1448289632.09;(0, 0);0;0;0;0;0;0;0;0;0;0;0;();(-2000.0, -2000.0);
03:24:32:474;03:24:32:416;1448289632.09;(0, 0);0;0;0;0;0;0;0;0;0;0;0;();(-2000.0, -2000.0);
03:24:32:490;03:24:32:416;1448289632.09;(0, 0);0;0;0;0;0;0;0;0;0;0;0;();(-2000.0, -2000.0);
03:24:32:507;03:24:32:416;1448289632.09;(0, 0);0;0;0;0;0;0;0;0;0;0;0;();(-2000.0, -2000.0);
03:24:32:524;03:24:32:416;1448289632.09;(0, 0);0;0;0;0;0;0;0;0;0;0;0;();(-2000.0, -2000.0);
03:24:32:556;03:24:32:548;1448289632.22;(0, 0);0;0;0;0;0;0;0;0;0;0;0;();(-2000.0, -2000.0);
03:24:32:573;03:24:32:548;1448289632.22;(0, 0);0;0;0;0;0;0;0;0;0;0;0;();(-2000.0, -2000.0);
03:24:32:590;03:24:32:548;1448289632.22;(0, 0);0;0;0;0;0;0;0;0;0;0;0;();(-2000.0, -2000.0);
03:24:32:606;03:24:32:548;1448289632.22;(0, 0);0;0;0;0;0;0;0;0;0;0;0;();(-2000.0, -2000.0);
03:24:32:623;03:24:32:548;1448289632.22;(0, 0);0;0;0;0;0;0;0;0;0;0;0;();(-2000.0, -2000.0);
03:24:32:656;03:24:32:548;1448289632.22;(0, 0);0;0;0;0;0;0;0;0;0;0;0;();(-2000.0, -2000.0);
03:24:32:671;03:24:32:548;1448289632.22;(0, 0);0;0;0;0;0;0;0;0;0;0;0;();(-2000.0, -2000.0);
03:24:32:689;03:24:32:684;1448289632.35;(0, 0);0;0;0;0;0;0;0;0;0;0;0;();(-2000.0, -2000.0);
03:24:32:705;03:24:32:684;1448289632.35;(0, 0);0;0;0;0;0;0;0;0;0;0;0;();(-2000.0, -2000.0);
03:24:32:722;03:24:32:684;1448289632.35;(0, 0);0;0;0;0;0;0;0;0;0;0;0;();(-2000.0, -2000.0);
03:24:32:755;03:24:32:684;1448289632.35;(0, 0);0;0;0;0;0;0;0;0;0;0;0;();(-2000.0, -2000.0);
03:24:32:772;03:24:32:684;1448289632.35;(0, 0);0;0;0;0;0;0;0;0;0;0;0;();(-2000.0, -2000.0);
03:24:32:789;03:24:32:684;1448289632.35;(0, 0);0;0;0;0;0;0;0;0;0;0;0;();(-2000.0, -2000.0);
03:24:32:805;03:24:32:684;1448289632.35;(0, 0);0;0;0;0;0;0;0;0;0;0;0;();(-2000.0, -2000.0);
03:24:32:838;03:24:32:815;1448289632.49;(0, 0);0;0;0;0;0;0;0;0;0;0;0;();(-2000.0, -2000.0);
03:24:32:855;03:24:32:815;1448289632.49;(0, 0);0;0;0;0;0;0;0;0;0;0;0;();(-2000.0, -2000.0);
03:24:32:871;03:24:32:815;1448289632.49;(0, 0);0;0;0;0;0;0;0;0;0;0;0;();(-2000.0, -2000.0);
03:24:32:887;03:24:32:815;1448289632.49;(0, 0);0;0;0;0;0;0;0;0;0;0;0;();(-2000.0, -2000.0);
03:24:32:904;03:24:32:815;1448289632.49;(0, 0);0;0;0;0;0;0;0;0;0;0;0;();(-2000.0, -2000.0);
03:24:32:937;03:24:32:815;1448289632.49;(0, 0);0;0;0;0;0;0;0;0;0;0;0;();(-2000.0, -2000.0);
03:24:32:954;03:24:32:815;1448289632.49;(0, 0);0;0;0;0;0;0;0;0;0;0;0;();(-2000.0, -2000.0);
03:24:32:970;03:24:32:963;1448289632.62;(0, 0);0;0;0;0;0;0;0;0;0;0;0;();(-2000.0, -2000.0);
03:24:32:987;03:24:32:963;1448289632.62;(0, 0);0;0;0;0;0;0;0;0;0;0;0;();(-2000.0, -2000.0);
03:24:33:003;03:24:32:963;1448289632.62;(0, 0);0;0;0;0;0;0;0;0;0;0;0;();(-2000.0, -2000.0);
03:24:33:037;03:24:32:963;1448289632.62;(0, 0);0;0;0;0;0;0;0;0;0;0;0;();(-2000.0, -2000.0);
03:24:33:053;03:24:32:963;1448289632.62;(0, 0);0;0;0;0;0;0;0;0;0;0;0;();(-2000.0, -2000.0);
03:24:33:070;03:24:32:963;1448289632.62;(0, 0);0;0;0;0;0;0;0;0;0;0;0;();(-2000.0, -2000.0);
03:24:33:086;03:24:33:080;1448289632.75;(0, 0);0;0;0;0;0;0;0;0;0;0;0;();(-2000.0, -2000.0);
03:24:33:102;03:24:33:080;1448289632.75;(0, 0);0;0;0;0;0;0;0;0;0;0;0;();(-2000.0, -2000.0);
03:24:33:136;03:24:33:080;1448289632.75;(0, 0);0;0;0;0;0;0;0;0;0;0;0;();(-2000.0, -2000.0);
03:24:33:153;03:24:33:080;1448289632.75;(0, 0);0;0;0;0;0;0;0;0;0;0;0;();(-2000.0, -2000.0);
03:24:33:169;03:24:33:080;1448289632.75;(0, 0);0;0;0;0;0;0;0;0;0;0;0;();(-2000.0, -2000.0);
03:24:33:186;03:24:33:080;1448289632.75;(0, 0);0;0;0;0;0;0;0;0;0;0;0;();(-2000.0, -2000.0);
03:24:33:202;03:24:33:080;1448289632.75;(0, 0);0;0;0;0;0;0;0;0;0;0;0;();(-2000.0, -2000.0);
03:24:33:236;03:24:33:080;1448289632.75;(0, 0);0;0;0;0;0;0;0;0;0;0;0;();(-2000.0, -2000.0);
03:24:33:251;03:24:33:080;1448289632.75;(0, 0);0;0;0;0;0;0;0;0;0;0;0;();(-2000.0, -2000.0);
03:24:33:269;03:24:33:080;1448289632.75;(0, 0);0;0;0;0;0;0;0;0;0;0;0;();(-2000.0, -2000.0);
03:24:33:286;03:24:33:080;1448289632.75;(0, 0);0;0;0;0;0;0;0;0;0;0;0;();(-2000.0, -2000.0);
03:24:33:318;03:24:33:284;1448289632.89;(0, 0);0;0;0;0;0;0;0;0;0;0;0;();(-2000.0, -2000.0);
03:24:33:334;03:24:33:284;1448289632.89;(0, 0);0;0;0;0;0;0;0;0;0;0;0;();(-2000.0, -2000.0);
03:24:33:351;03:24:33:284;1448289632.89;(0, 0);0;0;0;0;0;0;0;0;0;0;0;();(-2000.0, -2000.0);
03:24:33:368;03:24:33:284;1448289632.89;(0, 0);0;0;0;0;0;0;0;0;0;0;0;();(-2000.0, -2000.0);
03:24:33:385;03:24:33:284;1448289632.89;(0, 0);0;0;0;0;0;0;0;0;0;0;0;();(-2000.0, -2000.0);
03:24:33:417;03:24:33:411;1448289633.02;(0, 0);0;0;0;0;0;0;0;0;0;0;0;();(-2000.0, -2000.0);
03:24:33:434;03:24:33:411;1448289633.02;(0, 0);0;0;0;0;0;0;0;0;0;0;0;();(-2000.0, -2000.0);
03:24:33:451;03:24:33:411;1448289633.02;(0, 0);0;0;0;0;0;0;0;0;0;0;0;();(-2000.0, -2000.0);
03:24:33:467;03:24:33:411;1448289633.02;(0, 0);0;0;0;0;0;0;0;0;0;0;0;();(-2000.0, -2000.0);
03:24:33:483;03:24:33:479;1448289633.15;(0, 0);0;0;0;0;0;0;0;0;0;0;0;();(-2000.0, -2000.0);
03:24:33:517;03:24:33:479;1448289633.15;(0, 0);0;0;0;0;0;0;0;0;0;0;0;();(-2000.0, -2000.0);
03:24:33:533;03:24:33:479;1448289633.15;(0, 0);0;0;0;0;0;0;0;0;0;0;0;();(-2000.0, -2000.0);
03:24:33:550;03:24:33:479;1448289633.15;(0, 0);0;0;0;0;0;0;0;0;0;0;0;();(-2000.0, -2000.0);
03:24:33:566;03:24:33:479;1448289633.15;(0, 0);0;0;0;0;0;0;0;0;0;0;0;();(-2000.0, -2000.0);
03:24:33:583;03:24:33:479;1448289633.15;(0, 0);0;0;0;0;0;0;0;0;0;0;0;();(-2000.0, -2000.0);
03:24:33:616;03:24:33:479;1448289633.15;(0, 0);0;0;0;0;0;0;0;0;0;0;0;();(-2000.0, -2000.0);
03:24:33:633;03:24:33:479;1448289633.15;(0, 0);0;0;0;0;0;0;0;0;0;0;0;();(-2000.0, -2000.0);
03:24:33:649;03:24:33:479;1448289633.15;(0, 0);0;0;0;0;0;0;0;0;0;0;0;();(-2000.0, -2000.0);
03:24:33:666;03:24:33:479;1448289633.15;(0, 0);0;0;0;0;0;0;0;0;0;0;0;();(-2000.0, -2000.0);
03:24:33:682;03:24:33:676;1448289633.29;(0, 0);0;0;0;0;0;0;0;0;0;0;0;();(-2000.0, -2000.0);
03:24:33:715;03:24:33:676;1448289633.29;(0, 0);0;0;0;0;0;0;0;0;0;0;0;();(-2000.0, -2000.0);
03:24:33:732;03:24:33:676;1448289633.29;(0, 0);0;0;0;0;0;0;0;0;0;0;0;();(-2000.0, -2000.0);
03:24:33:749;03:24:33:743;1448289633.42;(0, 0);0;0;0;0;0;0;0;0;0;0;0;();(-2000.0, -2000.0);
03:24:33:765;03:24:33:743;1448289633.42;(0, 0);0;0;0;0;0;0;0;0;0;0;0;();(-2000.0, -2000.0);
03:24:33:782;03:24:33:743;1448289633.42;(0, 0);0;0;0;0;0;0;0;0;0;0;0;();(-2000.0, -2000.0);
03:24:33:815;03:24:33:743;1448289633.42;(0, 0);0;0;0;0;0;0;0;0;0;0;0;();(-2000.0, -2000.0);
03:24:33:831;03:24:33:743;1448289633.42;(0, 0);0;0;0;0;0;0;0;0;0;0;0;();(-2000.0, -2000.0);
03:24:33:848;03:24:33:743;1448289633.42;(0, 0);0;0;0;0;0;0;0;0;0;0;0;();(-2000.0, -2000.0);
03:24:33:864;03:24:33:743;1448289633.42;(0, 0);0;0;0;0;0;0;0;0;0;0;0;();(-2000.0, -2000.0);
03:24:33:898;03:24:33:875;1448289633.55;(0, 0);0;0;0;0;0;0;0;0;0;0;0;();(-2000.0, -2000.0);
03:24:33:914;03:24:33:875;1448289633.55;(0, 0);0;0;0;0;0;0;0;0;0;0;0;();(-2000.0, -2000.0);
03:24:33:931;03:24:33:875;1448289633.55;(0, 0);0;0;0;0;0;0;0;0;0;0;0;();(-2000.0, -2000.0);
03:24:33:947;03:24:33:875;1448289633.55;(0, 0);0;0;0;0;0;0;0;0;0;0;0;();(-2000.0, -2000.0);
03:24:33:964;03:24:33:875;1448289633.55;(0, 0);0;0;0;0;0;0;0;0;0;0;0;();(-2000.0, -2000.0);
03:24:33:997;03:24:33:875;1448289633.55;(0, 0);0;0;0;0;0;0;0;0;0;0;0;();(-2000.0, -2000.0);
03:24:34:014;03:24:33:875;1448289633.55;(0, 0);0;0;0;0;0;0;0;0;0;0;0;();(-2000.0, -2000.0);
03:24:34:030;03:24:33:875;1448289633.55;(0, 0);0;0;0;0;0;0;0;0;0;0;0;();(-2000.0, -2000.0);
03:24:34:047;03:24:33:875;1448289633.55;(0, 0);0;0;0;0;0;0;0;0;0;0;0;();(-2000.0, -2000.0);
03:24:34:063;03:24:33:875;1448289633.55;(0, 0);0;0;0;0;0;0;0;0;0;0;0;();(-2000.0, -2000.0);
03:24:34:097;03:24:34:078;1448289633.69;(0, 0);0;0;0;0;0;0;0;0;0;0;0;();(-2000.0, -2000.0);
03:24:34:113;03:24:34:078;1448289633.69;(0, 0);0;0;0;0;0;0;0;0;0;0;0;();(-2000.0, -2000.0);
03:24:34:130;03:24:34:078;1448289633.69;(0, 0);0;0;0;0;0;0;0;0;0;0;0;();(-2000.0, -2000.0);
03:24:34:147;03:24:34:078;1448289633.69;(0, 0);0;0;0;0;0;0;0;0;0;0;0;();(-2000.0, -2000.0);
03:24:34:163;03:24:34:145;1448289633.82;(0, 0);0;0;0;0;0;0;0;0;0;0;0;();(-2000.0, -2000.0);
03:24:34:196;03:24:34:145;1448289633.82;(0, 0);0;0;0;0;0;0;0;0;0;0;0;();(-2000.0, -2000.0);
03:24:34:213;03:24:34:145;1448289633.82;(0, 0);0;0;0;0;0;0;0;0;0;0;0;();(-2000.0, -2000.0);
03:24:34:229;03:24:34:145;1448289633.82;(0, 0);0;0;0;0;0;0;0;0;0;0;0;();(-2000.0, -2000.0);
03:24:34:246;03:24:34:145;1448289633.82;(0, 0);0;0;0;0;0;0;0;0;0;0;0;();(-2000.0, -2000.0);
03:24:34:262;03:24:34:145;1448289633.82;(0, 0);0;0;0;0;0;0;0;0;0;0;0;();(-2000.0, -2000.0);
03:24:34:296;03:24:34:145;1448289633.82;(0, 0);0;0;0;0;0;0;0;0;0;0;0;();(-2000.0, -2000.0);
03:24:34:312;03:24:34:303;1448289633.95;(0, 0);0;0;0;0;0;0;0;0;0;0;0;();(-2000.0, -2000.0);
03:24:34:328;03:24:34:303;1448289633.95;(0, 0);0;0;0;0;0;0;0;0;0;0;0;();(-2000.0, -2000.0);
03:24:34:345;03:24:34:303;1448289633.95;(0, 0);0;0;0;0;0;0;0;0;0;0;0;();(-2000.0, -2000.0);
03:24:34:362;03:24:34:303;1448289633.95;(0, 0);0;0;0;0;0;0;0;0;0;0;0;();(-2000.0, -2000.0);
03:24:34:395;03:24:34:303;1448289633.95;(0, 0);0;0;0;0;0;0;0;0;0;0;0;();(-2000.0, -2000.0);
03:24:34:412;03:24:34:303;1448289633.95;(0, 0);0;0;0;0;0;0;0;0;0;0;0;();(-2000.0, -2000.0);
03:24:34:428;03:24:34:303;1448289633.95;(0, 0);0;0;0;0;0;0;0;0;0;0;0;();(-2000.0, -2000.0);
03:24:34:444;03:24:34:303;1448289633.95;(0, 0);0;0;0;0;0;0;0;0;0;0;0;();(-2000.0, -2000.0);
03:24:34:478;03:24:34:303;1448289633.95;(0, 0);0;0;0;0;0;0;0;0;0;0;0;();(-2000.0, -2000.0);
03:24:34:495;03:24:34:476;1448289634.09;(0, 0);0;0;0;0;0;0;0;0;0;0;0;();(-2000.0, -2000.0);
03:24:34:510;03:24:34:476;1448289634.09;(0, 0);0;0;0;0;0;0;0;0;0;0;0;();(-2000.0, -2000.0);
03:24:34:527;03:24:34:476;1448289634.09;(0, 0);0;0;0;0;0;0;0;0;0;0;0;();(-2000.0, -2000.0);
03:24:34:544;03:24:34:476;1448289634.09;(0, 0);0;0;0;0;0;0;0;0;0;0;0;();(-2000.0, -2000.0);
03:24:34:577;03:24:34:476;1448289634.09;(0, 0);0;0;0;0;0;0;0;0;0;0;0;();(-2000.0, -2000.0);
03:24:34:594;03:24:34:476;1448289634.09;(0, 0);0;0;0;0;0;0;0;0;0;0;0;();(-2000.0, -2000.0);
03:24:34:611;03:24:34:476;1448289634.09;(0, 0);0;0;0;0;0;0;0;0;0;0;0;();(-2000.0, -2000.0);
03:24:34:627;03:24:34:609;1448289634.22;(0, 0);0;0;0;0;0;0;0;0;0;0;0;();(-2000.0, -2000.0);
03:24:34:644;03:24:34:609;1448289634.22;(0, 0);0;0;0;0;0;0;0;0;0;0;0;();(-2000.0, -2000.0);
03:24:34:677;03:24:34:609;1448289634.22;(0, 0);0;0;0;0;0;0;0;0;0;0;0;();(-2000.0, -2000.0);
03:24:34:693;03:24:34:609;1448289634.22;(0, 0);0;0;0;0;0;0;0;0;0;0;0;();(-2000.0, -2000.0);
03:24:34:710;03:24:34:609;1448289634.22;(0, 0);0;0;0;0;0;0;0;0;0;0;0;();(-2000.0, -2000.0);
03:24:34:727;03:24:34:609;1448289634.22;(0, 0);0;0;0;0;0;0;0;0;0;0;0;();(-2000.0, -2000.0);
03:24:34:743;03:24:34:609;1448289634.22;(0, 0);0;0;0;0;0;0;0;0;0;0;0;();(-2000.0, -2000.0);
03:24:34:776;03:24:34:741;1448289634.35;(0, 0);0;0;0;0;0;0;0;0;0;0;0;();(-2000.0, -2000.0);
03:24:34:792;03:24:34:741;1448289634.35;(0, 0);0;0;0;0;0;0;0;0;0;0;0;();(-2000.0, -2000.0);
03:24:34:809;03:24:34:741;1448289634.35;(0, 0);0;0;0;0;0;0;0;0;0;0;0;();(-2000.0, -2000.0);
03:24:34:825;03:24:34:741;1448289634.35;(0, 0);0;0;0;0;0;0;0;0;0;0;0;();(-2000.0, -2000.0);
03:24:34:842;03:24:34:741;1448289634.35;(0, 0);0;0;0;0;0;0;0;0;0;0;0;();(-2000.0, -2000.0);
03:24:34:876;03:24:34:872;1448289634.49;(0, 0);0;0;0;0;0;0;0;0;0;0;0;();(-2000.0, -2000.0);
03:24:34:893;03:24:34:872;1448289634.49;(0, 0);0;0;0;0;0;0;0;0;0;0;0;();(-2000.0, -2000.0);
03:24:34:908;03:24:34:872;1448289634.49;(0, 0);0;0;0;0;0;0;0;0;0;0;0;();(-2000.0, -2000.0);
03:24:34:925;03:24:34:872;1448289634.49;(0, 0);0;0;0;0;0;0;0;0;0;0;0;();(-2000.0, -2000.0);
03:24:34:958;03:24:34:872;1448289634.49;(0, 0);0;0;0;0;0;0;0;0;0;0;0;();(-2000.0, -2000.0);
03:24:34:974;03:24:34:872;1448289634.49;(0, 0);0;0;0;0;0;0;0;0;0;0;0;();(-2000.0, -2000.0);
03:24:34:991;03:24:34:872;1448289634.49;(0, 0);0;0;0;0;0;0;0;0;0;0;0;();(-2000.0, -2000.0);
03:24:35:007;03:24:35:003;1448289634.62;(0, 0);0;0;0;0;0;0;0;0;0;0;0;();(-2000.0, -2000.0);
03:24:35:025;03:24:35:003;1448289634.62;(0, 0);0;0;0;0;0;0;0;0;0;0;0;();(-2000.0, -2000.0);
03:24:35:058;03:24:35:003;1448289634.62;(0, 0);0;0;0;0;0;0;0;0;0;0;0;();(-2000.0, -2000.0);
03:24:35:074;03:24:35:003;1448289634.62;(0, 0);0;0;0;0;0;0;0;0;0;0;0;();(-2000.0, -2000.0);
03:24:35:091;03:24:35:003;1448289634.62;(0, 0);0;0;0;0;0;0;0;0;0;0;0;();(-2000.0, -2000.0);
03:24:35:108;03:24:35:003;1448289634.62;(0, 0);0;0;0;0;0;0;0;0;0;0;0;();(-2000.0, -2000.0);
03:24:35:124;03:24:35:003;1448289634.62;(0, 0);0;0;0;0;0;0;0;0;0;0;0;();(-2000.0, -2000.0);
03:24:35:157;03:24:35:141;1448289634.75;(0, 0);0;0;0;0;0;0;0;0;0;0;0;();(-2000.0, -2000.0);
03:24:35:173;03:24:35:141;1448289634.75;(0, 0);0;0;0;0;0;0;0;0;0;0;0;();(-2000.0, -2000.0);
03:24:35:190;03:24:35:141;1448289634.75;(0, 0);0;0;0;0;0;0;0;0;0;0;0;();(-2000.0, -2000.0);
03:24:35:207;03:24:35:141;1448289634.75;(0, 0);0;0;0;0;0;0;0;0;0;0;0;();(-2000.0, -2000.0);
03:24:35:223;03:24:35:141;1448289634.75;(0, 0);0;0;0;0;0;0;0;0;0;0;0;();(-2000.0, -2000.0);
03:24:35:257;03:24:35:141;1448289634.75;(0, 0);0;0;0;0;0;0;0;0;0;0;0;();(-2000.0, -2000.0);
03:24:35:273;03:24:35:141;1448289634.75;(0, 0);0;0;0;0;0;0;0;0;0;0;0;();(-2000.0, -2000.0);
03:24:35:289;03:24:35:273;1448289634.89;(0, 0);0;0;0;0;0;0;0;0;0;0;0;();(-2000.0, -2000.0);
03:24:35:306;03:24:35:273;1448289634.89;(0, 0);0;0;0;0;0;0;0;0;0;0;0;();(-2000.0, -2000.0);
03:24:35:323;03:24:35:273;1448289634.89;(0, 0);0;0;0;0;0;0;0;0;0;0;0;();(-2000.0, -2000.0);
03:24:35:356;03:24:35:273;1448289634.89;(0, 0);0;0;0;0;0;0;0;0;0;0;0;();(-2000.0, -2000.0);
03:24:35:373;03:24:35:273;1448289634.89;(0, 0);0;0;0;0;0;0;0;0;0;0;0;();(-2000.0, -2000.0);
03:24:35:389;03:24:35:273;1448289634.89;(0, 0);0;0;0;0;0;0;0;0;0;0;0;();(-2000.0, -2000.0);
03:24:35:406;03:24:35:273;1448289634.89;(0, 0);0;0;0;0;0;0;0;0;0;0;0;();(-2000.0, -2000.0);
03:24:35:423;03:24:35:406;1448289635.02;(0, 0);0;0;0;0;0;0;0;0;0;0;0;();(-2000.0, -2000.0);
03:24:35:455;03:24:35:406;1448289635.02;(0, 0);0;0;0;0;0;0;0;0;0;0;0;();(-2000.0, -2000.0);
03:24:35:472;03:24:35:406;1448289635.02;(0, 0);0;0;0;0;0;0;0;0;0;0;0;();(-2000.0, -2000.0);
03:24:35:488;03:24:35:406;1448289635.02;(0, 0);0;0;0;0;0;0;0;0;0;0;0;();(-2000.0, -2000.0);
03:24:35:505;03:24:35:406;1448289635.02;(0, 0);0;0;0;0;0;0;0;0;0;0;0;();(-2000.0, -2000.0);
03:24:35:539;03:24:35:406;1448289635.02;(0, 0);0;0;0;0;0;0;0;0;0;0;0;();(-2000.0, -2000.0);
03:24:35:555;03:24:35:536;1448289635.15;(0, 0);0;0;0;0;0;0;0;0;0;0;0;();(-2000.0, -2000.0);
03:24:35:571;03:24:35:536;1448289635.15;(0, 0);0;0;0;0;0;0;0;0;0;0;0;();(-2000.0, -2000.0);
03:24:35:587;03:24:35:536;1448289635.15;(0, 0);0;0;0;0;0;0;0;0;0;0;0;();(-2000.0, -2000.0);
03:24:35:604;03:24:35:536;1448289635.15;(0, 0);0;0;0;0;0;0;0;0;0;0;0;();(-2000.0, -2000.0);
03:24:35:637;03:24:35:536;1448289635.15;(0, 0);0;0;0;0;0;0;0;0;0;0;0;();(-2000.0, -2000.0);
03:24:35:654;03:24:35:536;1448289635.15;(0, 0);0;0;0;0;0;0;0;0;0;0;0;();(-2000.0, -2000.0);
03:24:35:671;03:24:35:536;1448289635.15;(0, 0);0;0;0;0;0;0;0;0;0;0;0;();(-2000.0, -2000.0);
03:24:35:687;03:24:35:668;1448289635.29;(0, 0);0;0;0;0;0;0;0;0;0;0;0;();(-2000.0, -2000.0);
03:24:35:703;03:24:35:668;1448289635.29;(0, 0);0;0;0;0;0;0;0;0;0;0;0;();(-2000.0, -2000.0);
03:24:35:736;03:24:35:668;1448289635.29;(0, 0);0;0;0;0;0;0;0;0;0;0;0;();(-2000.0, -2000.0);
03:24:35:754;03:24:35:668;1448289635.29;(0, 0);0;0;0;0;0;0;0;0;0;0;0;();(-2000.0, -2000.0);
03:24:35:770;03:24:35:668;1448289635.29;(0, 0);0;0;0;0;0;0;0;0;0;0;0;();(-2000.0, -2000.0);
03:24:35:786;03:24:35:668;1448289635.29;(0, 0);0;0;0;0;0;0;0;0;0;0;0;();(-2000.0, -2000.0);
03:24:35:803;03:24:35:668;1448289635.29;(0, 0);0;0;0;0;0;0;0;0;0;0;0;();(-2000.0, -2000.0);
03:24:35:836;03:24:35:805;1448289635.42;(0, 0);0;0;0;0;0;0;0;0;0;0;0;();(-2000.0, -2000.0);
03:24:35:853;03:24:35:805;1448289635.42;(0, 0);0;0;0;0;0;0;0;0;0;0;0;();(-2000.0, -2000.0);
03:24:35:869;03:24:35:805;1448289635.42;(0, 0);0;0;0;0;0;0;0;0;0;0;0;();(-2000.0, -2000.0);
03:24:35:885;03:24:35:805;1448289635.42;(0, 0);0;0;0;0;0;0;0;0;0;0;0;();(-2000.0, -2000.0);
03:24:35:903;03:24:35:805;1448289635.42;(0, 0);0;0;0;0;0;0;0;0;0;0;0;();(-2000.0, -2000.0);
03:24:35:935;03:24:35:805;1448289635.42;(0, 0);0;0;0;0;0;0;0;0;0;0;0;();(-2000.0, -2000.0);
03:24:35:953;03:24:35:937;1448289635.55;(0, 0);0;0;0;0;0;0;0;0;0;0;0;();(-2000.0, -2000.0);
03:24:35:968;03:24:35:937;1448289635.55;(0, 0);0;0;0;0;0;0;0;0;0;0;0;();(-2000.0, -2000.0);
03:24:35:985;03:24:35:937;1448289635.55;(0, 0);0;0;0;0;0;0;0;0;0;0;0;();(-2000.0, -2000.0);
03:24:36:002;03:24:35:937;1448289635.55;(0, 0);0;0;0;0;0;0;0;0;0;0;0;();(-2000.0, -2000.0);
03:24:36:036;03:24:35:937;1448289635.55;(0, 0);0;0;0;0;0;0;0;0;0;0;0;();(-2000.0, -2000.0);
03:24:36:052;03:24:35:937;1448289635.55;(0, 0);0;0;0;0;0;0;0;0;0;0;0;();(-2000.0, -2000.0);
03:24:36:068;03:24:35:937;1448289635.55;(0, 0);0;0;0;0;0;0;0;0;0;0;0;();(-2000.0, -2000.0);
03:24:36:084;03:24:36:069;1448289635.69;(0, 0);0;0;0;0;0;0;0;0;0;0;0;();(-2000.0, -2000.0);
03:24:36:118;03:24:36:069;1448289635.69;(0, 0);0;0;0;0;0;0;0;0;0;0;0;();(-2000.0, -2000.0);
03:24:36:135;03:24:36:069;1448289635.69;(0, 0);0;0;0;0;0;0;0;0;0;0;0;();(-2000.0, -2000.0);
03:24:36:151;03:24:36:069;1448289635.69;(0, 0);0;0;0;0;0;0;0;0;0;0;0;();(-2000.0, -2000.0);
03:24:36:167;03:24:36:069;1448289635.69;(0, 0);0;0;0;0;0;0;0;0;0;0;0;();(-2000.0, -2000.0);
03:24:36:184;03:24:36:069;1448289635.69;(0, 0);0;0;0;0;0;0;0;0;0;0;0;();(-2000.0, -2000.0);
03:24:36:217;03:24:36:199;1448289635.82;(0, 0);0;0;0;0;0;0;0;0;0;0;0;();(-2000.0, -2000.0);
03:24:36:234;03:24:36:199;1448289635.82;(0, 0);0;0;0;0;0;0;0;0;0;0;0;();(-2000.0, -2000.0);
03:24:36:250;03:24:36:199;1448289635.82;(0, 0);0;0;0;0;0;0;0;0;0;0;0;();(-2000.0, -2000.0);
03:24:36:267;03:24:36:199;1448289635.82;(0, 0);0;0;0;0;0;0;0;0;0;0;0;();(-2000.0, -2000.0);
03:24:36:283;03:24:36:199;1448289635.82;(0, 0);0;0;0;0;0;0;0;0;0;0;0;();(-2000.0, -2000.0);
03:24:36:317;03:24:36:199;1448289635.82;(0, 0);0;0;0;0;0;0;0;0;0;0;0;();(-2000.0, -2000.0);
03:24:36:333;03:24:36:199;1448289635.82;(0, 0);0;0;0;0;0;0;0;0;0;0;0;();(-2000.0, -2000.0);
03:24:36:351;03:24:36:332;1448289635.95;(0, 0);0;0;0;0;0;0;0;0;0;0;0;();(-2000.0, -2000.0);
03:24:36:366;03:24:36:332;1448289635.95;(0, 0);0;0;0;0;0;0;0;0;0;0;0;();(-2000.0, -2000.0);
03:24:36:383;03:24:36:332;1448289635.95;(0, 0);0;0;0;0;0;0;0;0;0;0;0;();(-2000.0, -2000.0);
03:24:36:417;03:24:36:332;1448289635.95;(0, 0);0;0;0;0;0;0;0;0;0;0;0;();(-2000.0, -2000.0);
03:24:36:433;03:24:36:332;1448289635.95;(0, 0);0;0;0;0;0;0;0;0;0;0;0;();(-2000.0, -2000.0);
03:24:36:449;03:24:36:332;1448289635.95;(0, 0);0;0;0;0;0;0;0;0;0;0;0;();(-2000.0, -2000.0);
03:24:36:466;03:24:36:332;1448289635.95;(0, 0);0;0;0;0;0;0;0;0;0;0;0;();(-2000.0, -2000.0);
03:24:36:482;03:24:36:464;1448289636.09;(0, 0);0;0;0;0;0;0;0;0;0;0;0;();(-2000.0, -2000.0);
03:24:36:515;03:24:36:464;1448289636.09;(0, 0);0;0;0;0;0;0;0;0;0;0;0;();(-2000.0, -2000.0);
03:24:36:532;03:24:36:464;1448289636.09;(0, 0);0;0;0;0;0;0;0;0;0;0;0;();(-2000.0, -2000.0);
03:24:36:549;03:24:36:464;1448289636.09;(0, 0);0;0;0;0;0;0;0;0;0;0;0;();(-2000.0, -2000.0);
03:24:36:565;03:24:36:464;1448289636.09;(0, 0);0;0;0;0;0;0;0;0;0;0;0;();(-2000.0, -2000.0);
03:24:36:598;03:24:36:464;1448289636.09;(0, 0);0;0;0;0;0;0;0;0;0;0;0;();(-2000.0, -2000.0);
03:24:36:615;03:24:36:600;1448289636.22;(0, 0);0;0;0;0;0;0;0;0;0;0;0;();(-2000.0, -2000.0);
03:24:36:632;03:24:36:600;1448289636.22;(0, 0);0;0;0;0;0;0;0;0;0;0;0;();(-2000.0, -2000.0);
03:24:36:648;03:24:36:600;1448289636.22;(0, 0);0;0;0;0;0;0;0;0;0;0;0;();(-2000.0, -2000.0);
03:24:36:665;03:24:36:600;1448289636.22;(0, 0);0;0;0;0;0;0;0;0;0;0;0;();(-2000.0, -2000.0);
03:24:36:697;03:24:36:600;1448289636.22;(0, 0);0;0;0;0;0;0;0;0;0;0;0;();(-2000.0, -2000.0);
03:24:36:714;03:24:36:600;1448289636.22;(0, 0);0;0;0;0;0;0;0;0;0;0;0;();(-2000.0, -2000.0);
03:24:36:731;03:24:36:600;1448289636.22;(0, 0);0;0;0;0;0;0;0;0;0;0;0;();(-2000.0, -2000.0);
03:24:36:747;03:24:36:600;1448289636.22;(0, 0);0;0;0;0;0;0;0;0;0;0;0;();(-2000.0, -2000.0);
03:24:36:764;03:24:36:600;1448289636.22;(0, 0);0;0;0;0;0;0;0;0;0;0;0;();(-2000.0, -2000.0);
03:24:36:797;03:24:36:600;1448289636.22;(0, 0);0;0;0;0;0;0;0;0;0;0;0;();(-2000.0, -2000.0);
03:24:36:814;03:24:36:600;1448289636.22;(0, 0);0;0;0;0;0;0;0;0;0;0;0;();(-2000.0, -2000.0);
03:24:36:836;03:24:36:600;1448289636.22;(0, 0);0;0;0;0;0;0;0;0;0;0;0;();(-2000.0, -2000.0);
03:24:36:847;03:24:36:600;1448289636.22;(0, 0);0;0;0;0;0;0;0;0;0;0;0;();(-2000.0, -2000.0);
03:24:36:864;03:24:36:600;1448289636.22;(0, 0);0;0;0;0;0;0;0;0;0;0;0;();(-2000.0, -2000.0);
03:24:36:896;03:24:36:866;1448289636.49;(0, 0);0;0;0;0;0;0;0;0;0;0;0;();(-2000.0, -2000.0);
03:24:36:913;03:24:36:866;1448289636.49;(0, 0);0;0;0;0;0;0;0;0;0;0;0;();(-2000.0, -2000.0);
03:24:36:929;03:24:36:866;1448289636.49;(0, 0);0;0;0;0;0;0;0;0;0;0;0;();(-2000.0, -2000.0);
03:24:36:946;03:24:36:866;1448289636.49;(0, 0);0;0;0;0;0;0;0;0;0;0;0;();(-2000.0, -2000.0);
03:24:36:963;03:24:36:866;1448289636.49;(0, 0);0;0;0;0;0;0;0;0;0;0;0;();(-2000.0, -2000.0);
03:24:36:996;03:24:36:866;1448289636.49;(0, 0);0;0;0;0;0;0;0;0;0;0;0;();(-2000.0, -2000.0);
03:24:37:012;03:24:36:997;1448289636.62;(0, 0);0;0;0;0;0;0;0;0;0;0;0;();(-2000.0, -2000.0);
03:24:37:029;03:24:36:997;1448289636.62;(0, 0);0;0;0;0;0;0;0;0;0;0;0;();(-2000.0, -2000.0);
03:24:37:046;03:24:36:997;1448289636.62;(0, 0);0;0;0;0;0;0;0;0;0;0;0;();(-2000.0, -2000.0);
03:24:37:062;03:24:36:997;1448289636.62;(0, 0);0;0;0;0;0;0;0;0;0;0;0;();(-2000.0, -2000.0);
03:24:37:095;03:24:36:997;1448289636.62;(0, 0);0;0;0;0;0;0;0;0;0;0;0;();(-2000.0, -2000.0);
03:24:37:112;03:24:36:997;1448289636.62;(0, 0);0;0;0;0;0;0;0;0;0;0;0;();(-2000.0, -2000.0);
03:24:37:128;03:24:36:997;1448289636.62;(0, 0);0;0;0;0;0;0;0;0;0;0;0;();(-2000.0, -2000.0);
03:24:37:145;03:24:37:129;1448289636.75;(0, 0);0;0;0;0;0;0;0;0;0;0;0;();(-2000.0, -2000.0);
03:24:37:178;03:24:37:129;1448289636.75;(0, 0);0;0;0;0;0;0;0;0;0;0;0;();(-2000.0, -2000.0);
03:24:37:195;03:24:37:129;1448289636.75;(0, 0);0;0;0;0;0;0;0;0;0;0;0;();(-2000.0, -2000.0);
03:24:37:211;03:24:37:129;1448289636.75;(0, 0);0;0;0;0;0;0;0;0;0;0;0;();(-2000.0, -2000.0);
03:24:37:228;03:24:37:129;1448289636.75;(0, 0);0;0;0;0;0;0;0;0;0;0;0;();(-2000.0, -2000.0);
03:24:37:245;03:24:37:129;1448289636.75;(0, 0);0;0;0;0;0;0;0;0;0;0;0;();(-2000.0, -2000.0);
03:24:37:277;03:24:37:264;1448289636.89;(0, 0);0;0;0;0;0;0;0;0;0;0;0;();(-2000.0, -2000.0);
03:24:37:294;03:24:37:264;1448289636.89;(0, 0);0;0;0;0;0;0;0;0;0;0;0;();(-2000.0, -2000.0);
03:24:37:311;03:24:37:264;1448289636.89;(0, 0);0;0;0;0;0;0;0;0;0;0;0;();(-2000.0, -2000.0);
03:24:37:328;03:24:37:264;1448289636.89;(0, 0);0;0;0;0;0;0;0;0;0;0;0;();(-2000.0, -2000.0);
03:24:37:344;03:24:37:264;1448289636.89;(0, 0);0;0;0;0;0;0;0;0;0;0;0;();(-2000.0, -2000.0);
03:24:37:377;03:24:37:264;1448289636.89;(0, 0);0;0;0;0;0;0;0;0;0;0;0;();(-2000.0, -2000.0);
03:24:37:393;03:24:37:264;1448289636.89;(0, 0);0;0;0;0;0;0;0;0;0;0;0;();(-2000.0, -2000.0);
03:24:37:410;03:24:37:264;1448289636.89;(0, 0);0;0;0;0;0;0;0;0;0;0;0;();(-2000.0, -2000.0);
03:24:37:426;03:24:37:413;1448289637.02;(0, 0);0;0;0;0;0;0;0;0;0;0;0;();(-2000.0, -2000.0);
03:24:37:443;03:24:37:413;1448289637.02;(0, 0);0;0;0;0;0;0;0;0;0;0;0;();(-2000.0, -2000.0);
03:24:37:476;03:24:37:413;1448289637.02;(0, 0);0;0;0;0;0;0;0;0;0;0;0;();(-2000.0, -2000.0);
03:24:37:492;03:24:37:413;1448289637.02;(0, 0);0;0;0;0;0;0;0;0;0;0;0;();(-2000.0, -2000.0);
03:24:37:510;03:24:37:413;1448289637.02;(0, 0);0;0;0;0;0;0;0;0;0;0;0;();(-2000.0, -2000.0);
03:24:37:526;03:24:37:413;1448289637.02;(0, 0);0;0;0;0;0;0;0;0;0;0;0;();(-2000.0, -2000.0);
03:24:37:543;03:24:37:528;1448289637.15;(0, 0);0;0;0;0;0;0;0;0;0;0;0;();(-2000.0, -2000.0);
03:24:37:576;03:24:37:528;1448289637.15;(0, 0);0;0;0;0;0;0;0;0;0;0;0;();(-2000.0, -2000.0);
03:24:37:592;03:24:37:528;1448289637.15;(0, 0);0;0;0;0;0;0;0;0;0;0;0;();(-2000.0, -2000.0);
03:24:37:608;03:24:37:528;1448289637.15;(0, 0);0;0;0;0;0;0;0;0;0;0;0;();(-2000.0, -2000.0);
03:24:37:625;03:24:37:528;1448289637.15;(0, 0);0;0;0;0;0;0;0;0;0;0;0;();(-2000.0, -2000.0);
03:24:37:642;03:24:37:528;1448289637.15;(0, 0);0;0;0;0;0;0;0;0;0;0;0;();(-2000.0, -2000.0);
03:24:37:676;03:24:37:528;1448289637.15;(0, 0);0;0;0;0;0;0;0;0;0;0;0;();(-2000.0, -2000.0);
03:24:37:692;03:24:37:680;1448289637.29;(0, 0);0;0;0;0;0;0;0;0;0;0;0;();(-2000.0, -2000.0);
03:24:37:708;03:24:37:680;1448289637.29;(0, 0);0;0;0;0;0;0;0;0;0;0;0;();(-2000.0, -2000.0);
03:24:37:724;03:24:37:680;1448289637.29;(0, 0);0;0;0;0;0;0;0;0;0;0;0;();(-2000.0, -2000.0);
03:24:37:758;03:24:37:680;1448289637.29;(0, 0);0;0;0;0;0;0;0;0;0;0;0;();(-2000.0, -2000.0);
03:24:37:774;03:24:37:680;1448289637.29;(0, 0);0;0;0;0;0;0;0;0;0;0;0;();(-2000.0, -2000.0);
03:24:37:791;03:24:37:680;1448289637.29;(0, 0);0;0;0;0;0;0;0;0;0;0;0;();(-2000.0, -2000.0);
03:24:37:807;03:24:37:798;1448289637.42;(0, 0);0;0;0;0;0;0;0;0;0;0;0;();(-2000.0, -2000.0);
03:24:37:824;03:24:37:798;1448289637.42;(0, 0);0;0;0;0;0;0;0;0;0;0;0;();(-2000.0, -2000.0);
03:24:37:857;03:24:37:798;1448289637.42;(0, 0);0;0;0;0;0;0;0;0;0;0;0;();(-2000.0, -2000.0);
03:24:37:874;03:24:37:798;1448289637.42;(0, 0);0;0;0;0;0;0;0;0;0;0;0;();(-2000.0, -2000.0);
03:24:37:890;03:24:37:798;1448289637.42;(0, 0);0;0;0;0;0;0;0;0;0;0;0;();(-2000.0, -2000.0);
03:24:37:907;03:24:37:798;1448289637.42;(0, 0);0;0;0;0;0;0;0;0;0;0;0;();(-2000.0, -2000.0);
03:24:37:923;03:24:37:798;1448289637.42;(0, 0);0;0;0;0;0;0;0;0;0;0;0;();(-2000.0, -2000.0);
03:24:37:956;03:24:37:928;1448289637.55;(0, 0);0;0;0;0;0;0;0;0;0;0;0;();(-2000.0, -2000.0);
03:24:37:973;03:24:37:928;1448289637.55;(0, 0);0;0;0;0;0;0;0;0;0;0;0;();(-2000.0, -2000.0);
03:24:37:990;03:24:37:928;1448289637.55;(0, 0);0;0;0;0;0;0;0;0;0;0;0;();(-2000.0, -2000.0);
03:24:38:007;03:24:37:928;1448289637.55;(0, 0);0;0;0;0;0;0;0;0;0;0;0;();(-2000.0, -2000.0);
03:24:38:023;03:24:37:928;1448289637.55;(0, 0);0;0;0;0;0;0;0;0;0;0;0;();(-2000.0, -2000.0);
03:24:38:056;03:24:37:928;1448289637.55;(0, 0);0;0;0;0;0;0;0;0;0;0;0;();(-2000.0, -2000.0);
03:24:38:073;03:24:38:061;1448289637.69;(0, 0);0;0;0;0;0;0;0;0;0;0;0;();(-2000.0, -2000.0);
03:24:38:090;03:24:38:061;1448289637.69;(0, 0);0;0;0;0;0;0;0;0;0;0;0;();(-2000.0, -2000.0);
03:24:38:107;03:24:38:061;1448289637.69;(0, 0);0;0;0;0;0;0;0;0;0;0;0;();(-2000.0, -2000.0);
03:24:38:122;03:24:38:061;1448289637.69;(0, 0);0;0;0;0;0;0;0;0;0;0;0;();(-2000.0, -2000.0);
03:24:38:156;03:24:38:061;1448289637.69;(0, 0);0;0;0;0;0;0;0;0;0;0;0;();(-2000.0, -2000.0);
03:24:38:172;03:24:38:061;1448289637.69;(0, 0);0;0;0;0;0;0;0;0;0;0;0;();(-2000.0, -2000.0);
03:24:38:189;03:24:38:061;1448289637.69;(0, 0);0;0;0;0;0;0;0;0;0;0;0;();(-2000.0, -2000.0);
03:24:38:205;03:24:38:194;1448289637.82;(0, 0);0;0;0;0;0;0;0;0;0;0;0;();(-2000.0, -2000.0);
03:24:38:222;03:24:38:194;1448289637.82;(0, 0);0;0;0;0;0;0;0;0;0;0;0;();(-2000.0, -2000.0);
03:24:38:255;03:24:38:194;1448289637.82;(0, 0);0;0;0;0;0;0;0;0;0;0;0;();(-2000.0, -2000.0);
03:24:38:272;03:24:38:194;1448289637.82;(0, 0);0;0;0;0;0;0;0;0;0;0;0;();(-2000.0, -2000.0);
03:24:38:288;03:24:38:194;1448289637.82;(0, 0);0;0;0;0;0;0;0;0;0;0;0;();(-2000.0, -2000.0);
03:24:38:305;03:24:38:194;1448289637.82;(0, 0);0;0;0;0;0;0;0;0;0;0;0;();(-2000.0, -2000.0);
03:24:38:339;03:24:38:325;1448289637.95;(0, 0);0;0;0;0;0;0;0;0;0;0;0;();(-2000.0, -2000.0);
03:24:38:355;03:24:38:325;1448289637.95;(0, 0);0;0;0;0;0;0;0;0;0;0;0;();(-2000.0, -2000.0);
03:24:38:371;03:24:38:325;1448289637.95;(0, 0);0;0;0;0;0;0;0;0;0;0;0;();(-2000.0, -2000.0);
03:24:38:388;03:24:38:325;1448289637.95;(0, 0);0;0;0;0;0;0;0;0;0;0;0;();(-2000.0, -2000.0);
03:24:38:404;03:24:38:325;1448289637.95;(0, 0);0;0;0;0;0;0;0;0;0;0;0;();(-2000.0, -2000.0);
03:24:38:438;03:24:38:325;1448289637.95;(0, 0);0;0;0;0;0;0;0;0;0;0;0;();(-2000.0, -2000.0);
03:24:38:455;03:24:38:325;1448289637.95;(0, 0);0;0;0;0;0;0;0;0;0;0;0;();(-2000.0, -2000.0);
03:24:38:471;03:24:38:459;1448289638.09;(0, 0);0;0;0;0;0;0;0;0;0;0;0;();(-2000.0, -2000.0);
03:24:38:487;03:24:38:459;1448289638.09;(0, 0);0;0;0;0;0;0;0;0;0;0;0;();(-2000.0, -2000.0);
03:24:38:504;03:24:38:459;1448289638.09;(0, 0);0;0;0;0;0;0;0;0;0;0;0;();(-2000.0, -2000.0);
03:24:38:537;03:24:38:459;1448289638.09;(0, 0);0;0;0;0;0;0;0;0;0;0;0;();(-2000.0, -2000.0);
03:24:38:558;03:24:38:459;1448289638.09;(0, 0);0;0;0;0;0;0;0;0;0;0;0;();(-2000.0, -2000.0);
03:24:38:570;03:24:38:459;1448289638.09;(0, 0);0;0;0;0;0;0;0;0;0;0;0;();(-2000.0, -2000.0);
03:24:38:587;03:24:38:459;1448289638.09;(0, 0);0;0;0;0;0;0;0;0;0;0;0;();(-2000.0, -2000.0);
03:24:38:603;03:24:38:592;1448289638.22;(0, 0);0;0;0;0;0;0;0;0;0;0;0;();(-2000.0, -2000.0);
03:24:38:636;03:24:38:592;1448289638.22;(0, 0);0;0;0;0;0;0;0;0;0;0;0;();(-2000.0, -2000.0);
03:24:38:653;03:24:38:592;1448289638.22;(0, 0);0;0;0;0;0;0;0;0;0;0;0;();(-2000.0, -2000.0);
03:24:38:669;03:24:38:592;1448289638.22;(0, 0);0;0;0;0;0;0;0;0;0;0;0;();(-2000.0, -2000.0);
03:24:38:686;03:24:38:592;1448289638.22;(0, 0);0;0;0;0;0;0;0;0;0;0;0;();(-2000.0, -2000.0);
03:24:38:703;03:24:38:592;1448289638.22;(0, 0);0;0;0;0;0;0;0;0;0;0;0;();(-2000.0, -2000.0);
03:24:38:736;03:24:38:725;1448289638.35;(0, 0);0;0;0;0;0;0;0;0;0;0;0;();(-2000.0, -2000.0);
03:24:38:753;03:24:38:725;1448289638.35;(0, 0);0;0;0;0;0;0;0;0;0;0;0;();(-2000.0, -2000.0);
03:24:38:769;03:24:38:725;1448289638.35;(0, 0);0;0;0;0;0;0;0;0;0;0;0;();(-2000.0, -2000.0);
03:24:38:785;03:24:38:725;1448289638.35;(0, 0);0;0;0;0;0;0;0;0;0;0;0;();(-2000.0, -2000.0);
03:24:38:802;03:24:38:725;1448289638.35;(0, 0);0;0;0;0;0;0;0;0;0;0;0;();(-2000.0, -2000.0);
03:24:38:835;03:24:38:725;1448289638.35;(0, 0);0;0;0;0;0;0;0;0;0;0;0;();(-2000.0, -2000.0);
03:24:38:852;03:24:38:725;1448289638.35;(0, 0);0;0;0;0;0;0;0;0;0;0;0;();(-2000.0, -2000.0);
03:24:38:868;03:24:38:857;1448289638.49;(0, 0);0;0;0;0;0;0;0;0;0;0;0;();(-2000.0, -2000.0);
03:24:38:885;03:24:38:857;1448289638.49;(0, 0);0;0;0;0;0;0;0;0;0;0;0;();(-2000.0, -2000.0);
03:24:38:918;03:24:38:857;1448289638.49;(0, 0);0;0;0;0;0;0;0;0;0;0;0;();(-2000.0, -2000.0);
03:24:38:935;03:24:38:857;1448289638.49;(0, 0);0;0;0;0;0;0;0;0;0;0;0;();(-2000.0, -2000.0);
03:24:38:951;03:24:38:857;1448289638.49;(0, 0);0;0;0;0;0;0;0;0;0;0;0;();(-2000.0, -2000.0);
03:24:38:968;03:24:38:857;1448289638.49;(0, 0);0;0;0;0;0;0;0;0;0;0;0;();(-2000.0, -2000.0);
03:24:38:984;03:24:38:857;1448289638.49;(0, 0);0;0;0;0;0;0;0;0;0;0;0;();(-2000.0, -2000.0);
03:24:39:017;03:24:38:992;1448289638.62;(0, 0);0;0;0;0;0;0;0;0;0;0;0;();(-2000.0, -2000.0);
03:24:39:035;03:24:38:992;1448289638.62;(0, 0);0;0;0;0;0;0;0;0;0;0;0;();(-2000.0, -2000.0);
03:24:39:051;03:24:38:992;1448289638.62;(0, 0);0;0;0;0;0;0;0;0;0;0;0;();(-2000.0, -2000.0);
03:24:39:067;03:24:38:992;1448289638.62;(0, 0);0;0;0;0;0;0;0;0;0;0;0;();(-2000.0, -2000.0);
03:24:39:084;03:24:38:992;1448289638.62;(0, 0);0;0;0;0;0;0;0;0;0;0;0;();(-2000.0, -2000.0);
03:24:39:117;03:24:38:992;1448289638.62;(0, 0);0;0;0;0;0;0;0;0;0;0;0;();(-2000.0, -2000.0);
03:24:39:133;03:24:39:122;1448289638.75;(0, 0);0;0;0;0;0;0;0;0;0;0;0;();(-2000.0, -2000.0);
03:24:39:150;03:24:39:122;1448289638.75;(0, 0);0;0;0;0;0;0;0;0;0;0;0;();(-2000.0, -2000.0);
03:24:39:166;03:24:39:122;1448289638.75;(0, 0);0;0;0;0;0;0;0;0;0;0;0;();(-2000.0, -2000.0);
03:24:39:183;03:24:39:122;1448289638.75;(0, 0);0;0;0;0;0;0;0;0;0;0;0;();(-2000.0, -2000.0);
03:24:39:216;03:24:39:122;1448289638.75;(0, 0);0;0;0;0;0;0;0;0;0;0;0;();(-2000.0, -2000.0);
03:24:39:233;03:24:39:122;1448289638.75;(0, 0);0;0;0;0;0;0;0;0;0;0;0;();(-2000.0, -2000.0);
03:24:39:250;03:24:39:122;1448289638.75;(0, 0);0;0;0;0;0;0;0;0;0;0;0;();(-2000.0, -2000.0);
03:24:39:266;03:24:39:256;1448289638.89;(0, 0);0;0;0;0;0;0;0;0;0;0;0;();(-2000.0, -2000.0);
03:24:39:282;03:24:39:256;1448289638.89;(0, 0);0;0;0;0;0;0;0;0;0;0;0;();(-2000.0, -2000.0);
03:24:39:315;03:24:39:256;1448289638.89;(0, 0);0;0;0;0;0;0;0;0;0;0;0;();(-2000.0, -2000.0);
03:24:39:332;03:24:39:256;1448289638.89;(0, 0);0;0;0;0;0;0;0;0;0;0;0;();(-2000.0, -2000.0);
03:24:39:349;03:24:39:256;1448289638.89;(0, 0);0;0;0;0;0;0;0;0;0;0;0;();(-2000.0, -2000.0);
03:24:39:366;03:24:39:256;1448289638.89;(0, 0);0;0;0;0;0;0;0;0;0;0;0;();(-2000.0, -2000.0);
03:24:39:398;03:24:39:388;1448289639.02;(0, 0);0;0;0;0;0;0;0;0;0;0;0;();(-2000.0, -2000.0);
03:24:39:415;03:24:39:388;1448289639.02;(0, 0);0;0;0;0;0;0;0;0;0;0;0;();(-2000.0, -2000.0);
03:24:39:431;03:24:39:388;1448289639.02;(0, 0);0;0;0;0;0;0;0;0;0;0;0;();(-2000.0, -2000.0);
03:24:39:448;03:24:39:388;1448289639.02;(0, 0);0;0;0;0;0;0;0;0;0;0;0;();(-2000.0, -2000.0);
03:24:39:464;03:24:39:388;1448289639.02;(0, 0);0;0;0;0;0;0;0;0;0;0;0;();(-2000.0, -2000.0);
03:24:39:498;03:24:39:388;1448289639.02;(0, 0);0;0;0;0;0;0;0;0;0;0;0;();(-2000.0, -2000.0);
03:24:39:514;03:24:39:388;1448289639.02;(0, 0);0;0;0;0;0;0;0;0;0;0;0;();(-2000.0, -2000.0);
03:24:39:531;03:24:39:520;1448289639.15;(0, 0);0;0;0;0;0;0;0;0;0;0;0;();(-2000.0, -2000.0);
03:24:39:547;03:24:39:520;1448289639.15;(0, 0);0;0;0;0;0;0;0;0;0;0;0;();(-2000.0, -2000.0);
03:24:39:564;03:24:39:520;1448289639.15;(0, 0);0;0;0;0;0;0;0;0;0;0;0;();(-2000.0, -2000.0);
03:24:39:597;03:24:39:520;1448289639.15;(0, 0);0;0;0;0;0;0;0;0;0;0;0;();(-2000.0, -2000.0);
03:24:39:613;03:24:39:520;1448289639.15;(0, 0);0;0;0;0;0;0;0;0;0;0;0;();(-2000.0, -2000.0);
03:24:39:630;03:24:39:520;1448289639.15;(0, 0);0;0;0;0;0;0;0;0;0;0;0;();(-2000.0, -2000.0);
03:24:39:647;03:24:39:520;1448289639.15;(0, 0);0;0;0;0;0;0;0;0;0;0;0;();(-2000.0, -2000.0);
03:24:39:663;03:24:39:652;1448289639.29;(0, 0);0;0;0;0;0;0;0;0;0;0;0;();(-2000.0, -2000.0);
03:24:39:696;03:24:39:652;1448289639.29;(0, 0);0;0;0;0;0;0;0;0;0;0;0;();(-2000.0, -2000.0);
03:24:39:713;03:24:39:652;1448289639.29;(0, 0);0;0;0;0;0;0;0;0;0;0;0;();(-2000.0, -2000.0);
03:24:39:730;03:24:39:652;1448289639.29;(0, 0);0;0;0;0;0;0;0;0;0;0;0;();(-2000.0, -2000.0);
03:24:39:746;03:24:39:652;1448289639.29;(0, 0);0;0;0;0;0;0;0;0;0;0;0;();(-2000.0, -2000.0);
03:24:39:763;03:24:39:652;1448289639.29;(0, 0);0;0;0;0;0;0;0;0;0;0;0;();(-2000.0, -2000.0);
03:24:39:796;03:24:39:784;1448289639.42;(0, 0);0;0;0;0;0;0;0;0;0;0;0;();(-2000.0, -2000.0);
03:24:39:813;03:24:39:784;1448289639.42;(0, 0);0;0;0;0;0;0;0;0;0;0;0;();(-2000.0, -2000.0);
03:24:39:829;03:24:39:784;1448289639.42;(0, 0);0;0;0;0;0;0;0;0;0;0;0;();(-2000.0, -2000.0);
03:24:39:846;03:24:39:784;1448289639.42;(0, 0);0;0;0;0;0;0;0;0;0;0;0;();(-2000.0, -2000.0);
03:24:39:862;03:24:39:784;1448289639.42;(0, 0);0;0;0;0;0;0;0;0;0;0;0;();(-2000.0, -2000.0);
03:24:39:895;03:24:39:784;1448289639.42;(0, 0);0;0;0;0;0;0;0;0;0;0;0;();(-2000.0, -2000.0);
03:24:39:912;03:24:39:784;1448289639.42;(0, 0);0;0;0;0;0;0;0;0;0;0;0;();(-2000.0, -2000.0);
03:24:39:928;03:24:39:916;1448289639.55;(0, 0);0;0;0;0;0;0;0;0;0;0;0;();(-2000.0, -2000.0);
03:24:39:944;03:24:39:916;1448289639.55;(0, 0);0;0;0;0;0;0;0;0;0;0;0;();(-2000.0, -2000.0);
03:24:39:978;03:24:39:916;1448289639.55;(0, 0);0;0;0;0;0;0;0;0;0;0;0;();(-2000.0, -2000.0);
03:24:39:995;03:24:39:916;1448289639.55;(0, 0);0;0;0;0;0;0;0;0;0;0;0;();(-2000.0, -2000.0);
03:24:40:011;03:24:39:916;1448289639.55;(0, 0);0;0;0;0;0;0;0;0;0;0;0;();(-2000.0, -2000.0);
03:24:40:028;03:24:39:916;1448289639.55;(0, 0);0;0;0;0;0;0;0;0;0;0;0;();(-2000.0, -2000.0);
03:24:40:044;03:24:39:916;1448289639.55;(0, 0);0;0;0;0;0;0;0;0;0;0;0;();(-2000.0, -2000.0);
03:24:40:078;03:24:40:051;1448289639.69;(0, 0);0;0;0;0;0;0;0;0;0;0;0;();(-2000.0, -2000.0);
03:24:40:094;03:24:40:051;1448289639.69;(0, 0);0;0;0;0;0;0;0;0;0;0;0;();(-2000.0, -2000.0);
03:24:40:111;03:24:40:051;1448289639.69;(0, 0);0;0;0;0;0;0;0;0;0;0;0;();(-2000.0, -2000.0);
03:24:40:127;03:24:40:051;1448289639.69;(0, 0);0;0;0;0;0;0;0;0;0;0;0;();(-2000.0, -2000.0);
03:24:40:144;03:24:40:051;1448289639.69;(0, 0);0;0;0;0;0;0;0;0;0;0;0;();(-2000.0, -2000.0);
03:24:40:176;03:24:40:051;1448289639.69;(0, 0);0;0;0;0;0;0;0;0;0;0;0;();(-2000.0, -2000.0);
03:24:40:193;03:24:40:183;1448289639.82;(0, 0);0;0;0;0;0;0;0;0;0;0;0;();(-2000.0, -2000.0);
03:24:40:210;03:24:40:183;1448289639.82;(0, 0);0;0;0;0;0;0;0;0;0;0;0;();(-2000.0, -2000.0);
03:24:40:226;03:24:40:183;1448289639.82;(0, 0);0;0;0;0;0;0;0;0;0;0;0;();(-2000.0, -2000.0);
03:24:40:243;03:24:40:183;1448289639.82;(0, 0);0;0;0;0;0;0;0;0;0;0;0;();(-2000.0, -2000.0);
03:24:40:276;03:24:40:183;1448289639.82;(0, 0);0;0;0;0;0;0;0;0;0;0;0;();(-2000.0, -2000.0);
03:24:40:292;03:24:40:183;1448289639.82;(0, 0);0;0;0;0;0;0;0;0;0;0;0;();(-2000.0, -2000.0);
03:24:40:309;03:24:40:183;1448289639.82;(0, 0);0;0;0;0;0;0;0;0;0;0;0;();(-2000.0, -2000.0);
03:24:40:325;03:24:40:315;1448289639.95;(0, 0);0;0;0;0;0;0;0;0;0;0;0;();(-2000.0, -2000.0);
03:24:40:342;03:24:40:315;1448289639.95;(0, 0);0;0;0;0;0;0;0;0;0;0;0;();(-2000.0, -2000.0);
03:24:40:375;03:24:40:315;1448289639.95;(0, 0);0;0;0;0;0;0;0;0;0;0;0;();(-2000.0, -2000.0);
03:24:40:392;03:24:40:315;1448289639.95;(0, 0);0;0;0;0;0;0;0;0;0;0;0;();(-2000.0, -2000.0);
03:24:40:408;03:24:40:315;1448289639.95;(0, 0);0;0;0;0;0;0;0;0;0;0;0;();(-2000.0, -2000.0);
03:24:40:425;03:24:40:315;1448289639.95;(0, 0);0;0;0;0;0;0;0;0;0;0;0;();(-2000.0, -2000.0);
03:24:40:458;03:24:40:447;1448289640.09;(0, 0);0;0;0;0;0;0;0;0;0;0;0;();(-2000.0, -2000.0);
03:24:40:475;03:24:40:447;1448289640.09;(0, 0);0;0;0;0;0;0;0;0;0;0;0;();(-2000.0, -2000.0);
03:24:40:491;03:24:40:447;1448289640.09;(0, 0);0;0;0;0;0;0;0;0;0;0;0;();(-2000.0, -2000.0);
03:24:40:508;03:24:40:447;1448289640.09;(0, 0);0;0;0;0;0;0;0;0;0;0;0;();(-2000.0, -2000.0);
03:24:40:524;03:24:40:447;1448289640.09;(0, 0);0;0;0;0;0;0;0;0;0;0;0;();(-2000.0, -2000.0);
03:24:40:558;03:24:40:447;1448289640.09;(0, 0);0;0;0;0;0;0;0;0;0;0;0;();(-2000.0, -2000.0);
03:24:40:575;03:24:40:447;1448289640.09;(0, 0);0;0;0;0;0;0;0;0;0;0;0;();(-2000.0, -2000.0);
03:24:40:591;03:24:40:580;1448289640.22;(0, 0);0;0;0;0;0;0;0;0;0;0;0;();(-2000.0, -2000.0);
03:24:40:607;03:24:40:580;1448289640.22;(0, 0);0;0;0;0;0;0;0;0;0;0;0;();(-2000.0, -2000.0);
03:24:40:624;03:24:40:580;1448289640.22;(0, 0);0;0;0;0;0;0;0;0;0;0;0;();(-2000.0, -2000.0);
03:24:40:657;03:24:40:580;1448289640.22;(0, 0);0;0;0;0;0;0;0;0;0;0;0;();(-2000.0, -2000.0);
03:24:40:673;03:24:40:580;1448289640.22;(0, 0);0;0;0;0;0;0;0;0;0;0;0;();(-2000.0, -2000.0);
03:24:40:690;03:24:40:580;1448289640.22;(0, 0);0;0;0;0;0;0;0;0;0;0;0;();(-2000.0, -2000.0);
03:24:40:706;03:24:40:580;1448289640.22;(0, 0);0;0;0;0;0;0;0;0;0;0;0;();(-2000.0, -2000.0);
03:24:40:723;03:24:40:716;1448289640.35;(0, 0);0;0;0;0;0;0;0;0;0;0;0;();(-2000.0, -2000.0);
03:24:40:757;03:24:40:716;1448289640.35;(0, 0);0;0;0;0;0;0;0;0;0;0;0;();(-2000.0, -2000.0);
03:24:40:773;03:24:40:716;1448289640.35;(0, 0);0;0;0;0;0;0;0;0;0;0;0;();(-2000.0, -2000.0);
03:24:40:789;03:24:40:716;1448289640.35;(0, 0);0;0;0;0;0;0;0;0;0;0;0;();(-2000.0, -2000.0);
03:24:40:806;03:24:40:716;1448289640.35;(0, 0);0;0;0;0;0;0;0;0;0;0;0;();(-2000.0, -2000.0);
03:24:40:822;03:24:40:716;1448289640.35;(0, 0);0;0;0;0;0;0;0;0;0;0;0;();(-2000.0, -2000.0);
03:24:40:856;03:24:40:849;1448289640.49;(0, 0);0;0;0;0;0;0;0;0;0;0;0;();(-2000.0, -2000.0);
03:24:40:872;03:24:40:849;1448289640.49;(0, 0);0;0;0;0;0;0;0;0;0;0;0;();(-2000.0, -2000.0);
03:24:40:889;03:24:40:849;1448289640.49;(0, 0);0;0;0;0;0;0;0;0;0;0;0;();(-2000.0, -2000.0);
03:24:40:905;03:24:40:849;1448289640.49;(0, 0);0;0;0;0;0;0;0;0;0;0;0;();(-2000.0, -2000.0);
03:24:40:922;03:24:40:849;1448289640.49;(0, 0);0;0;0;0;0;0;0;0;0;0;0;();(-2000.0, -2000.0);
03:24:40:955;03:24:40:849;1448289640.49;(0, 0);0;0;0;0;0;0;0;0;0;0;0;();(-2000.0, -2000.0);
03:24:40:971;03:24:40:849;1448289640.49;(0, 0);0;0;0;0;0;0;0;0;0;0;0;();(-2000.0, -2000.0);
03:24:40:988;03:24:40:980;1448289640.62;(0, 0);0;0;0;0;0;0;0;0;0;0;0;();(-2000.0, -2000.0);
03:24:41:005;03:24:40:980;1448289640.62;(0, 0);0;0;0;0;0;0;0;0;0;0;0;();(-2000.0, -2000.0);
03:24:41:038;03:24:40:980;1448289640.62;(0, 0);0;0;0;0;0;0;0;0;0;0;0;();(-2000.0, -2000.0);
03:24:41:054;03:24:40:980;1448289640.62;(0, 0);0;0;0;0;0;0;0;0;0;0;0;();(-2000.0, -2000.0);
03:24:41:071;03:24:40:980;1448289640.62;(0, 0);0;0;0;0;0;0;0;0;0;0;0;();(-2000.0, -2000.0);
03:24:41:088;03:24:40:980;1448289640.62;(0, 0);0;0;0;0;0;0;0;0;0;0;0;();(-2000.0, -2000.0);
03:24:41:104;03:24:40:980;1448289640.62;(0, 0);0;0;0;0;0;0;0;0;0;0;0;();(-2000.0, -2000.0);
03:24:41:137;03:24:41:112;1448289640.75;(0, 0);0;0;0;0;0;0;0;0;0;0;0;();(-2000.0, -2000.0);
03:24:41:154;03:24:41:112;1448289640.75;(0, 0);0;0;0;0;0;0;0;0;0;0;0;();(-2000.0, -2000.0);
03:24:41:170;03:24:41:112;1448289640.75;(0, 0);0;0;0;0;0;0;0;0;0;0;0;();(-2000.0, -2000.0);
03:24:41:187;03:24:41:112;1448289640.75;(0, 0);0;0;0;0;0;0;0;0;0;0;0;();(-2000.0, -2000.0);
03:24:41:204;03:24:41:112;1448289640.75;(0, 0);0;0;0;0;0;0;0;0;0;0;0;();(-2000.0, -2000.0);
03:24:41:237;03:24:41:112;1448289640.75;(0, 0);0;0;0;0;0;0;0;0;0;0;0;();(-2000.0, -2000.0);
03:24:41:253;03:24:41:243;1448289640.89;(0, 0);0;0;0;0;0;0;0;0;0;0;0;();(-2000.0, -2000.0);
03:24:41:270;03:24:41:243;1448289640.89;(0, 0);0;0;0;0;0;0;0;0;0;0;0;();(-2000.0, -2000.0);
03:24:41:286;03:24:41:243;1448289640.89;(0, 0);0;0;0;0;0;0;0;0;0;0;0;();(-2000.0, -2000.0);
03:24:41:303;03:24:41:243;1448289640.89;(0, 0);0;0;0;0;0;0;0;0;0;0;0;();(-2000.0, -2000.0);
03:24:41:336;03:24:41:243;1448289640.89;(0, 0);0;0;0;0;0;0;0;0;0;0;0;();(-2000.0, -2000.0);
03:24:41:352;03:24:41:243;1448289640.89;(0, 0);0;0;0;0;0;0;0;0;0;0;0;();(-2000.0, -2000.0);
03:24:41:369;03:24:41:243;1448289640.89;(0, 0);0;0;0;0;0;0;0;0;0;0;0;();(-2000.0, -2000.0);
03:24:41:386;03:24:41:380;1448289641.02;(0, 0);0;0;0;0;0;0;0;0;0;0;0;();(-2000.0, -2000.0);
03:24:41:402;03:24:41:380;1448289641.02;(0, 0);0;0;0;0;0;0;0;0;0;0;0;();(-2000.0, -2000.0);
03:24:41:435;03:24:41:380;1448289641.02;(0, 0);0;0;0;0;0;0;0;0;0;0;0;();(-2000.0, -2000.0);
03:24:41:452;03:24:41:380;1448289641.02;(0, 0);0;0;0;0;0;0;0;0;0;0;0;();(-2000.0, -2000.0);
03:24:41:468;03:24:41:380;1448289641.02;(0, 0);0;0;0;0;0;0;0;0;0;0;0;();(-2000.0, -2000.0);
03:24:41:485;03:24:41:380;1448289641.02;(0, 0);0;0;0;0;0;0;0;0;0;0;0;();(-2000.0, -2000.0);
03:24:41:501;03:24:41:380;1448289641.02;(0, 0);0;0;0;0;0;0;0;0;0;0;0;();(-2000.0, -2000.0);
03:24:41:535;03:24:41:511;1448289641.15;(0, 0);0;0;0;0;0;0;0;0;0;0;0;();(-2000.0, -2000.0);
03:24:41:552;03:24:41:511;1448289641.15;(0, 0);0;0;0;0;0;0;0;0;0;0;0;();(-2000.0, -2000.0);
03:24:41:569;03:24:41:511;1448289641.15;(0, 0);0;0;0;0;0;0;0;0;0;0;0;();(-2000.0, -2000.0);
03:24:41:585;03:24:41:511;1448289641.15;(0, 0);0;0;0;0;0;0;0;0;0;0;0;();(-2000.0, -2000.0);
03:24:41:619;03:24:41:511;1448289641.15;(0, 0);0;0;0;0;0;0;0;0;0;0;0;();(-2000.0, -2000.0);
03:24:41:635;03:24:41:511;1448289641.15;(0, 0);0;0;0;0;0;0;0;0;0;0;0;();(-2000.0, -2000.0);
03:24:41:652;03:24:41:644;1448289641.29;(0, 0);0;0;0;0;0;0;0;0;0;0;0;();(-2000.0, -2000.0);
03:24:41:668;03:24:41:644;1448289641.29;(0, 0);0;0;0;0;0;0;0;0;0;0;0;();(-2000.0, -2000.0);
03:24:41:685;03:24:41:644;1448289641.29;(0, 0);0;0;0;0;0;0;0;0;0;0;0;();(-2000.0, -2000.0);
03:24:41:718;03:24:41:644;1448289641.29;(0, 0);0;0;0;0;0;0;0;0;0;0;0;();(-2000.0, -2000.0);
03:24:41:734;03:24:41:644;1448289641.29;(0, 0);0;0;0;0;0;0;0;0;0;0;0;();(-2000.0, -2000.0);
03:24:41:751;03:24:41:644;1448289641.29;(0, 0);0;0;0;0;0;0;0;0;0;0;0;();(-2000.0, -2000.0);
03:24:41:768;03:24:41:644;1448289641.29;(0, 0);0;0;0;0;0;0;0;0;0;0;0;();(-2000.0, -2000.0);
03:24:41:784;03:24:41:776;1448289641.42;(0, 0);0;0;0;0;0;0;0;0;0;0;0;();(-2000.0, -2000.0);
03:24:41:818;03:24:41:776;1448289641.42;(0, 0);0;0;0;0;0;0;0;0;0;0;0;();(-2000.0, -2000.0);
03:24:41:834;03:24:41:776;1448289641.42;(0, 0);0;0;0;0;0;0;0;0;0;0;0;();(-2000.0, -2000.0);
03:24:41:850;03:24:41:776;1448289641.42;(0, 0);0;0;0;0;0;0;0;0;0;0;0;();(-2000.0, -2000.0);
03:24:41:867;03:24:41:776;1448289641.42;(0, 0);0;0;0;0;0;0;0;0;0;0;0;();(-2000.0, -2000.0);
03:24:41:884;03:24:41:776;1448289641.42;(0, 0);0;0;0;0;0;0;0;0;0;0;0;();(-2000.0, -2000.0);
03:24:41:917;03:24:41:910;1448289641.55;(0, 0);0;0;0;0;0;0;0;0;0;0;0;();(-2000.0, -2000.0);
03:24:41:933;03:24:41:910;1448289641.55;(0, 0);0;0;0;0;0;0;0;0;0;0;0;();(-2000.0, -2000.0);
03:24:41:950;03:24:41:910;1448289641.55;(0, 0);0;0;0;0;0;0;0;0;0;0;0;();(-2000.0, -2000.0);
03:24:41:966;03:24:41:910;1448289641.55;(0, 0);0;0;0;0;0;0;0;0;0;0;0;();(-2000.0, -2000.0);
03:24:41:983;03:24:41:910;1448289641.55;(0, 0);0;0;0;0;0;0;0;0;0;0;0;();(-2000.0, -2000.0);
03:24:42:016;03:24:41:910;1448289641.55;(0, 0);0;0;0;0;0;0;0;0;0;0;0;();(-2000.0, -2000.0);
03:24:42:033;03:24:41:910;1448289641.55;(0, 0);0;0;0;0;0;0;0;0;0;0;0;();(-2000.0, -2000.0);
03:24:42:049;03:24:41:910;1448289641.55;(0, 0);0;0;0;0;0;0;0;0;0;0;0;();(-2000.0, -2000.0);
03:24:42:066;03:24:42:056;1448289641.69;(0, 0);0;0;0;0;0;0;0;0;0;0;0;();(-2000.0, -2000.0);
03:24:42:083;03:24:42:056;1448289641.69;(0, 0);0;0;0;0;0;0;0;0;0;0;0;();(-2000.0, -2000.0);
03:24:42:115;03:24:42:056;1448289641.69;(0, 0);0;0;0;0;0;0;0;0;0;0;0;();(-2000.0, -2000.0);
03:24:42:132;03:24:42:056;1448289641.69;(0, 0);0;0;0;0;0;0;0;0;0;0;0;();(-2000.0, -2000.0);
03:24:42:149;03:24:42:056;1448289641.69;(0, 0);0;0;0;0;0;0;0;0;0;0;0;();(-2000.0, -2000.0);
03:24:42:165;03:24:42:056;1448289641.69;(0, 0);0;0;0;0;0;0;0;0;0;0;0;();(-2000.0, -2000.0);
03:24:42:200;03:24:42:176;1448289641.82;(0, 0);0;0;0;0;0;0;0;0;0;0;0;();(-2000.0, -2000.0);
03:24:42:215;03:24:42:176;1448289641.82;(0, 0);0;0;0;0;0;0;0;0;0;0;0;();(-2000.0, -2000.0);
03:24:42:231;03:24:42:176;1448289641.82;(0, 0);0;0;0;0;0;0;0;0;0;0;0;();(-2000.0, -2000.0);
03:24:42:248;03:24:42:176;1448289641.82;(0, 0);0;0;0;0;0;0;0;0;0;0;0;();(-2000.0, -2000.0);
03:24:42:264;03:24:42:176;1448289641.82;(0, 0);0;0;0;0;0;0;0;0;0;0;0;();(-2000.0, -2000.0);
03:24:42:297;03:24:42:176;1448289641.82;(0, 0);0;0;0;0;0;0;0;0;0;0;0;();(-2000.0, -2000.0);
03:24:42:313;03:24:42:308;1448289641.95;(0, 0);0;0;0;0;0;0;0;0;0;0;0;();(-2000.0, -2000.0);
03:24:42:331;03:24:42:308;1448289641.95;(0, 0);0;0;0;0;0;0;0;0;0;0;0;();(-2000.0, -2000.0);
03:24:42:347;03:24:42:308;1448289641.95;(0, 0);0;0;0;0;0;0;0;0;0;0;0;();(-2000.0, -2000.0);
03:24:42:363;03:24:42:308;1448289641.95;(0, 0);0;0;0;0;0;0;0;0;0;0;0;();(-2000.0, -2000.0);
03:24:42:397;03:24:42:308;1448289641.95;(0, 0);0;0;0;0;0;0;0;0;0;0;0;();(-2000.0, -2000.0);
03:24:42:413;03:24:42:308;1448289641.95;(0, 0);0;0;0;0;0;0;0;0;0;0;0;();(-2000.0, -2000.0);
03:24:42:429;03:24:42:308;1448289641.95;(0, 0);0;0;0;0;0;0;0;0;0;0;0;();(-2000.0, -2000.0);
03:24:42:446;03:24:42:308;1448289641.95;(0, 0);0;0;0;0;0;0;0;0;0;0;0;();(-2000.0, -2000.0);
03:24:42:463;03:24:42:446;1448289642.09;(0, 0);0;0;0;0;0;0;0;0;0;0;0;();(-2000.0, -2000.0);
03:24:42:496;03:24:42:446;1448289642.09;(0, 0);0;0;0;0;0;0;0;0;0;0;0;();(-2000.0, -2000.0);
03:24:42:512;03:24:42:446;1448289642.09;(0, 0);0;0;0;0;0;0;0;0;0;0;0;();(-2000.0, -2000.0);
03:24:42:529;03:24:42:446;1448289642.09;(0, 0);0;0;0;0;0;0;0;0;0;0;0;();(-2000.0, -2000.0);
03:24:42:545;03:24:42:446;1448289642.09;(0, 0);0;0;0;0;0;0;0;0;0;0;0;();(-2000.0, -2000.0);
03:24:42:563;03:24:42:446;1448289642.09;(0, 0);0;0;0;0;0;0;0;0;0;0;0;();(-2000.0, -2000.0);
03:24:42:596;03:24:42:572;1448289642.22;(0, 0);0;0;0;0;0;0;0;0;0;0;0;();(-2000.0, -2000.0);
03:24:42:612;03:24:42:572;1448289642.22;(0, 0);0;0;0;0;0;0;0;0;0;0;0;();(-2000.0, -2000.0);
03:24:42:628;03:24:42:572;1448289642.22;(0, 0);0;0;0;0;0;0;0;0;0;0;0;();(-2000.0, -2000.0);
03:24:42:646;03:24:42:572;1448289642.22;(0, 0);0;0;0;0;0;0;0;0;0;0;0;();(-2000.0, -2000.0);
03:24:42:679;03:24:42:572;1448289642.22;(0, 0);0;0;0;0;0;0;0;0;0;0;0;();(-2000.0, -2000.0);
03:24:42:695;03:24:42:572;1448289642.22;(0, 0);0;0;0;0;0;0;0;0;0;0;0;();(-2000.0, -2000.0);
03:24:42:712;03:24:42:704;1448289642.35;(0, 0);0;0;0;0;0;0;0;0;0;0;0;();(-2000.0, -2000.0);
03:24:42:728;03:24:42:704;1448289642.35;(0, 0);0;0;0;0;0;0;0;0;0;0;0;();(-2000.0, -2000.0);
03:24:42:745;03:24:42:704;1448289642.35;(0, 0);0;0;0;0;0;0;0;0;0;0;0;();(-2000.0, -2000.0);
03:24:42:777;03:24:42:704;1448289642.35;(0, 0);0;0;0;0;0;0;0;0;0;0;0;();(-2000.0, -2000.0);
03:24:42:794;03:24:42:704;1448289642.35;(0, 0);0;0;0;0;0;0;0;0;0;0;0;();(-2000.0, -2000.0);
03:24:42:811;03:24:42:704;1448289642.35;(0, 0);0;0;0;0;0;0;0;0;0;0;0;();(-2000.0, -2000.0);
03:24:42:827;03:24:42:704;1448289642.35;(0, 0);0;0;0;0;0;0;0;0;0;0;0;();(-2000.0, -2000.0);
03:24:42:844;03:24:42:839;1448289642.49;(0, 0);0;0;0;0;0;0;0;0;0;0;0;();(-2000.0, -2000.0);
03:24:42:877;03:24:42:839;1448289642.49;(0, 0);0;0;0;0;0;0;0;0;0;0;0;();(-2000.0, -2000.0);
03:24:42:893;03:24:42:839;1448289642.49;(0, 0);0;0;0;0;0;0;0;0;0;0;0;();(-2000.0, -2000.0);
03:24:42:910;03:24:42:839;1448289642.49;(0, 0);0;0;0;0;0;0;0;0;0;0;0;();(-2000.0, -2000.0);
03:24:42:927;03:24:42:839;1448289642.49;(0, 0);0;0;0;0;0;0;0;0;0;0;0;();(-2000.0, -2000.0);
03:24:42:944;03:24:42:839;1448289642.49;(0, 0);0;0;0;0;0;0;0;0;0;0;0;();(-2000.0, -2000.0);
03:24:42:977;03:24:42:839;1448289642.49;(0, 0);0;0;0;0;0;0;0;0;0;0;0;();(-2000.0, -2000.0);
03:24:42:993;03:24:42:974;1448289642.62;(0, 0);0;0;0;0;0;0;0;0;0;0;0;();(-2000.0, -2000.0);
03:24:43:010;03:24:42:974;1448289642.62;(0, 0);0;0;0;0;0;0;0;0;0;0;0;();(-2000.0, -2000.0);
03:24:43:026;03:24:42:974;1448289642.62;(0, 0);0;0;0;0;0;0;0;0;0;0;0;();(-2000.0, -2000.0);
03:24:43:043;03:24:42:974;1448289642.62;(0, 0);0;0;0;0;0;0;0;0;0;0;0;();(-2000.0, -2000.0);
03:24:43:076;03:24:42:974;1448289642.62;(0, 0);0;0;0;0;0;0;0;0;0;0;0;();(-2000.0, -2000.0);
03:24:43:094;03:24:42:974;1448289642.62;(0, 0);0;0;0;0;0;0;0;0;0;0;0;();(-2000.0, -2000.0);
03:24:43:109;03:24:43:105;1448289642.75;(0, 0);0;0;0;0;0;0;0;0;0;0;0;();(-2000.0, -2000.0);
03:24:43:129;03:24:43:105;1448289642.75;(0, 0);0;0;0;0;0;0;0;0;0;0;0;();(-2000.0, -2000.0);
03:24:43:142;03:24:43:105;1448289642.75;(0, 0);0;0;0;0;0;0;0;0;0;0;0;();(-2000.0, -2000.0);
03:24:43:175;03:24:43:105;1448289642.75;(0, 0);0;0;0;0;0;0;0;0;0;0;0;();(-2000.0, -2000.0);
03:24:43:192;03:24:43:105;1448289642.75;(0, 0);0;0;0;0;0;0;0;0;0;0;0;();(-2000.0, -2000.0);
03:24:43:208;03:24:43:105;1448289642.75;(0, 0);0;0;0;0;0;0;0;0;0;0;0;();(-2000.0, -2000.0);
03:24:43:225;03:24:43:105;1448289642.75;(0, 0);0;0;0;0;0;0;0;0;0;0;0;();(-2000.0, -2000.0);
03:24:43:242;03:24:43:105;1448289642.75;(0, 0);0;0;0;0;0;0;0;0;0;0;0;();(-2000.0, -2000.0);
03:24:43:275;03:24:43:249;1448289642.89;(0, 0);0;0;0;0;0;0;0;0;0;0;0;();(-2000.0, -2000.0);
03:24:43:291;03:24:43:249;1448289642.89;(0, 0);0;0;0;0;0;0;0;0;0;0;0;();(-2000.0, -2000.0);
03:24:43:308;03:24:43:249;1448289642.89;(0, 0);0;0;0;0;0;0;0;0;0;0;0;();(-2000.0, -2000.0);
03:24:43:324;03:24:43:249;1448289642.89;(0, 0);0;0;0;0;0;0;0;0;0;0;0;();(-2000.0, -2000.0);
03:24:43:357;03:24:43:249;1448289642.89;(0, 0);0;0;0;0;0;0;0;0;0;0;0;();(-2000.0, -2000.0);
03:24:43:374;03:24:43:368;1448289643.02;(0, 0);0;0;0;0;0;0;0;0;0;0;0;();(-2000.0, -2000.0);
03:24:43:391;03:24:43:368;1448289643.02;(0, 0);0;0;0;0;0;0;0;0;0;0;0;();(-2000.0, -2000.0);
03:24:43:407;03:24:43:368;1448289643.02;(0, 0);0;0;0;0;0;0;0;0;0;0;0;();(-2000.0, -2000.0);
03:24:43:423;03:24:43:368;1448289643.02;(0, 0);0;0;0;0;0;0;0;0;0;0;0;();(-2000.0, -2000.0);
03:24:43:456;03:24:43:368;1448289643.02;(0, 0);0;0;0;0;0;0;0;0;0;0;0;();(-2000.0, -2000.0);
03:24:43:473;03:24:43:368;1448289643.02;(0, 0);0;0;0;0;0;0;0;0;0;0;0;();(-2000.0, -2000.0);
03:24:43:490;03:24:43:368;1448289643.02;(0, 0);0;0;0;0;0;0;0;0;0;0;0;();(-2000.0, -2000.0);
03:24:43:508;03:24:43:368;1448289643.02;(0, 0);0;0;0;0;0;0;0;0;0;0;0;();(-2000.0, -2000.0);
03:24:43:523;03:24:43:505;1448289643.15;(0, 0);0;0;0;0;0;0;0;0;0;0;0;();(-2000.0, -2000.0);
03:24:43:557;03:24:43:505;1448289643.15;(0, 0);0;0;0;0;0;0;0;0;0;0;0;();(-2000.0, -2000.0);
03:24:43:572;03:24:43:505;1448289643.15;(0, 0);0;0;0;0;0;0;0;0;0;0;0;();(-2000.0, -2000.0);
03:24:43:589;03:24:43:505;1448289643.15;(0, 0);0;0;0;0;0;0;0;0;0;0;0;();(-2000.0, -2000.0);
03:24:43:606;03:24:43:505;1448289643.15;(0, 0);0;0;0;0;0;0;0;0;0;0;0;();(-2000.0, -2000.0);
03:24:43:622;03:24:43:505;1448289643.15;(0, 0);0;0;0;0;0;0;0;0;0;0;0;();(-2000.0, -2000.0);
03:24:43:655;03:24:43:636;1448289643.29;(0, 0);0;0;0;0;0;0;0;0;0;0;0;();(-2000.0, -2000.0);
03:24:43:672;03:24:43:636;1448289643.29;(0, 0);0;0;0;0;0;0;0;0;0;0;0;();(-2000.0, -2000.0);
03:24:43:689;03:24:43:636;1448289643.29;(0, 0);0;0;0;0;0;0;0;0;0;0;0;();(-2000.0, -2000.0);
03:24:43:705;03:24:43:636;1448289643.29;(0, 0);0;0;0;0;0;0;0;0;0;0;0;();(-2000.0, -2000.0);
03:24:43:727;03:24:43:636;1448289643.29;(0, 0);0;0;0;0;0;0;0;0;0;0;0;();(-2000.0, -2000.0);
03:24:43:755;03:24:43:636;1448289643.29;(0, 0);0;0;0;0;0;0;0;0;0;0;0;();(-2000.0, -2000.0);
03:24:43:772;03:24:43:768;1448289643.42;(0, 0);0;0;0;0;0;0;0;0;0;0;0;();(-2000.0, -2000.0);
03:24:43:788;03:24:43:768;1448289643.42;(0, 0);0;0;0;0;0;0;0;0;0;0;0;();(-2000.0, -2000.0);
03:24:43:805;03:24:43:768;1448289643.42;(0, 0);0;0;0;0;0;0;0;0;0;0;0;();(-2000.0, -2000.0);
03:24:43:837;03:24:43:768;1448289643.42;(0, 0);0;0;0;0;0;0;0;0;0;0;0;();(-2000.0, -2000.0);
03:24:43:854;03:24:43:768;1448289643.42;(0, 0);0;0;0;0;0;0;0;0;0;0;0;();(-2000.0, -2000.0);
03:24:43:871;03:24:43:768;1448289643.42;(0, 0);0;0;0;0;0;0;0;0;0;0;0;();(-2000.0, -2000.0);
03:24:43:887;03:24:43:768;1448289643.42;(0, 0);0;0;0;0;0;0;0;0;0;0;0;();(-2000.0, -2000.0);
03:24:43:904;03:24:43:768;1448289643.42;(0, 0);0;0;0;0;0;0;0;0;0;0;0;();(-2000.0, -2000.0);
03:24:43:937;03:24:43:918;1448289643.55;(0, 0);0;0;0;0;0;0;0;0;0;0;0;();(-2000.0, -2000.0);
03:24:43:954;03:24:43:918;1448289643.55;(0, 0);0;0;0;0;0;0;0;0;0;0;0;();(-2000.0, -2000.0);
03:24:43:970;03:24:43:918;1448289643.55;(0, 0);0;0;0;0;0;0;0;0;0;0;0;();(-2000.0, -2000.0);
03:24:43:987;03:24:43:918;1448289643.55;(0, 0);0;0;0;0;0;0;0;0;0;0;0;();(-2000.0, -2000.0);
03:24:44:003;03:24:43:918;1448289643.55;(0, 0);0;0;0;0;0;0;0;0;0;0;0;();(-2000.0, -2000.0);
03:24:44:037;03:24:44:031;1448289643.69;(0, 0);0;0;0;0;0;0;0;0;0;0;0;();(-2000.0, -2000.0);
03:24:44:054;03:24:44:031;1448289643.69;(0, 0);0;0;0;0;0;0;0;0;0;0;0;();(-2000.0, -2000.0);
03:24:44:070;03:24:44:031;1448289643.69;(0, 0);0;0;0;0;0;0;0;0;0;0;0;();(-2000.0, -2000.0);
03:24:44:087;03:24:44:031;1448289643.69;(0, 0);0;0;0;0;0;0;0;0;0;0;0;();(-2000.0, -2000.0);
03:24:44:103;03:24:44:031;1448289643.69;(0, 0);0;0;0;0;0;0;0;0;0;0;0;();(-2000.0, -2000.0);
03:24:44:136;03:24:44:031;1448289643.69;(0, 0);0;0;0;0;0;0;0;0;0;0;0;();(-2000.0, -2000.0);
03:24:44:153;03:24:44:031;1448289643.69;(0, 0);0;0;0;0;0;0;0;0;0;0;0;();(-2000.0, -2000.0);
03:24:44:169;03:24:44:031;1448289643.69;(0, 0);0;0;0;0;0;0;0;0;0;0;0;();(-2000.0, -2000.0);
03:24:44:186;03:24:44:168;1448289643.82;(0, 0);0;0;0;0;0;0;0;0;0;0;0;();(-2000.0, -2000.0);
03:24:44:203;03:24:44:168;1448289643.82;(0, 0);0;0;0;0;0;0;0;0;0;0;0;();(-2000.0, -2000.0);
03:24:44:236;03:24:44:168;1448289643.82;(0, 0);0;0;0;0;0;0;0;0;0;0;0;();(-2000.0, -2000.0);
03:24:44:253;03:24:44:168;1448289643.82;(0, 0);0;0;0;0;0;0;0;0;0;0;0;();(-2000.0, -2000.0);
03:24:44:269;03:24:44:168;1448289643.82;(0, 0);0;0;0;0;0;0;0;0;0;0;0;();(-2000.0, -2000.0);
03:24:44:286;03:24:44:168;1448289643.82;(0, 0);0;0;0;0;0;0;0;0;0;0;0;();(-2000.0, -2000.0);
03:24:44:302;03:24:44:168;1448289643.82;(0, 0);0;0;0;0;0;0;0;0;0;0;0;();(-2000.0, -2000.0);
03:24:44:335;03:24:44:301;1448289643.95;(0, 0);0;0;0;0;0;0;0;0;0;0;0;();(-2000.0, -2000.0);
03:24:44:352;03:24:44:301;1448289643.95;(0, 0);0;0;0;0;0;0;0;0;0;0;0;();(-2000.0, -2000.0);
03:24:44:369;03:24:44:301;1448289643.95;(0, 0);0;0;0;0;0;0;0;0;0;0;0;();(-2000.0, -2000.0);
03:24:44:385;03:24:44:301;1448289643.95;(0, 0);0;0;0;0;0;0;0;0;0;0;0;();(-2000.0, -2000.0);
03:24:44:418;03:24:44:301;1448289643.95;(0, 0);0;0;0;0;0;0;0;0;0;0;0;();(-2000.0, -2000.0);
03:24:44:436;03:24:44:301;1448289643.95;(0, 0);0;0;0;0;0;0;0;0;0;0;0;();(-2000.0, -2000.0);
03:24:44:451;03:24:44:433;1448289644.09;(0, 0);0;0;0;0;0;0;0;0;0;0;0;();(-2000.0, -2000.0);
03:24:44:468;03:24:44:433;1448289644.09;(0, 0);0;0;0;0;0;0;0;0;0;0;0;();(-2000.0, -2000.0);
03:24:44:487;03:24:44:433;1448289644.09;(0, 0);0;0;0;0;0;0;0;0;0;0;0;();(-2000.0, -2000.0);
03:24:44:518;03:24:44:433;1448289644.09;(0, 0);0;0;0;0;0;0;0;0;0;0;0;();(-2000.0, -2000.0);
03:24:44:535;03:24:44:433;1448289644.09;(0, 0);0;0;0;0;0;0;0;0;0;0;0;();(-2000.0, -2000.0);
03:24:44:551;03:24:44:433;1448289644.09;(0, 0);0;0;0;0;0;0;0;0;0;0;0;();(-2000.0, -2000.0);
03:24:44:568;03:24:44:433;1448289644.09;(0, 0);0;0;0;0;0;0;0;0;0;0;0;();(-2000.0, -2000.0);
03:24:44:584;03:24:44:566;1448289644.22;(0, 0);0;0;0;0;0;0;0;0;0;0;0;();(-2000.0, -2000.0);
03:24:44:617;03:24:44:566;1448289644.22;(0, 0);0;0;0;0;0;0;0;0;0;0;0;();(-2000.0, -2000.0);
03:24:44:634;03:24:44:566;1448289644.22;(0, 0);0;0;0;0;0;0;0;0;0;0;0;();(-2000.0, -2000.0);
03:24:44:650;03:24:44:566;1448289644.22;(0, 0);0;0;0;0;0;0;0;0;0;0;0;();(-2000.0, -2000.0);
03:24:44:667;03:24:44:566;1448289644.22;(0, 0);0;0;0;0;0;0;0;0;0;0;0;();(-2000.0, -2000.0);
03:24:44:683;03:24:44:566;1448289644.22;(0, 0);0;0;0;0;0;0;0;0;0;0;0;();(-2000.0, -2000.0);
03:24:44:716;03:24:44:698;1448289644.35;(0, 0);0;0;0;0;0;0;0;0;0;0;0;();(-2000.0, -2000.0);
03:24:44:733;03:24:44:698;1448289644.35;(0, 0);0;0;0;0;0;0;0;0;0;0;0;();(-2000.0, -2000.0);
03:24:44:749;03:24:44:698;1448289644.35;(0, 0);0;0;0;0;0;0;0;0;0;0;0;();(-2000.0, -2000.0);
03:24:44:766;03:24:44:698;1448289644.35;(0, 0);0;0;0;0;0;0;0;0;0;0;0;();(-2000.0, -2000.0);
03:24:44:783;03:24:44:698;1448289644.35;(0, 0);0;0;0;0;0;0;0;0;0;0;0;();(-2000.0, -2000.0);
03:24:44:816;03:24:44:698;1448289644.35;(0, 0);0;0;0;0;0;0;0;0;0;0;0;();(-2000.0, -2000.0);
03:24:44:832;03:24:44:698;1448289644.35;(0, 0);0;0;0;0;0;0;0;0;0;0;0;();(-2000.0, -2000.0);
03:24:44:849;03:24:44:833;1448289644.49;(0, 0);0;0;0;0;0;0;0;0;0;0;0;();(-2000.0, -2000.0);
03:24:44:865;03:24:44:833;1448289644.49;(0, 0);0;0;0;0;0;0;0;0;0;0;0;();(-2000.0, -2000.0);
03:24:44:898;03:24:44:833;1448289644.49;(0, 0);0;0;0;0;0;0;0;0;0;0;0;();(-2000.0, -2000.0);
03:24:44:915;03:24:44:833;1448289644.49;(0, 0);0;0;0;0;0;0;0;0;0;0;0;();(-2000.0, -2000.0);
03:24:44:932;03:24:44:833;1448289644.49;(0, 0);0;0;0;0;0;0;0;0;0;0;0;();(-2000.0, -2000.0);
03:24:44:948;03:24:44:833;1448289644.49;(0, 0);0;0;0;0;0;0;0;0;0;0;0;();(-2000.0, -2000.0);
03:24:44:965;03:24:44:833;1448289644.49;(0, 0);0;0;0;0;0;0;0;0;0;0;0;();(-2000.0, -2000.0);
03:24:44:998;03:24:44:965;1448289644.62;(0, 0);0;0;0;0;0;0;0;0;0;0;0;();(-2000.0, -2000.0);
03:24:45:014;03:24:44:965;1448289644.62;(0, 0);0;0;0;0;0;0;0;0;0;0;0;();(-2000.0, -2000.0);
03:24:45:031;03:24:44:965;1448289644.62;(0, 0);0;0;0;0;0;0;0;0;0;0;0;();(-2000.0, -2000.0);
03:24:45:048;03:24:44:965;1448289644.62;(0, 0);0;0;0;0;0;0;0;0;0;0;0;();(-2000.0, -2000.0);
03:24:45:064;03:24:44:965;1448289644.62;(0, 0);0;0;0;0;0;0;0;0;0;0;0;();(-2000.0, -2000.0);
03:24:45:098;03:24:44:965;1448289644.62;(0, 0);0;0;0;0;0;0;0;0;0;0;0;();(-2000.0, -2000.0);
03:24:45:114;03:24:45:097;1448289644.75;(0, 0);0;0;0;0;0;0;0;0;0;0;0;();(-2000.0, -2000.0);
03:24:45:130;03:24:45:097;1448289644.75;(0, 0);0;0;0;0;0;0;0;0;0;0;0;();(-2000.0, -2000.0);
03:24:45:147;03:24:45:097;1448289644.75;(0, 0);0;0;0;0;0;0;0;0;0;0;0;();(-2000.0, -2000.0);
03:24:45:164;03:24:45:097;1448289644.75;(0, 0);0;0;0;0;0;0;0;0;0;0;0;();(-2000.0, -2000.0);
03:24:45:197;03:24:45:097;1448289644.75;(0, 0);0;0;0;0;0;0;0;0;0;0;0;();(-2000.0, -2000.0);
03:24:45:213;03:24:45:097;1448289644.75;(0, 0);0;0;0;0;0;0;0;0;0;0;0;();(-2000.0, -2000.0);
03:24:45:230;03:24:45:097;1448289644.75;(0, 0);0;0;0;0;0;0;0;0;0;0;0;();(-2000.0, -2000.0);
03:24:45:246;03:24:45:229;1448289644.89;(0, 0);0;0;0;0;0;0;0;0;0;0;0;();(-2000.0, -2000.0);
03:24:45:263;03:24:45:229;1448289644.89;(0, 0);0;0;0;0;0;0;0;0;0;0;0;();(-2000.0, -2000.0);
03:24:45:296;03:24:45:229;1448289644.89;(0, 0);0;0;0;0;0;0;0;0;0;0;0;();(-2000.0, -2000.0);
03:24:45:313;03:24:45:229;1448289644.89;(0, 0);0;0;0;0;0;0;0;0;0;0;0;();(-2000.0, -2000.0);
03:24:45:329;03:24:45:229;1448289644.89;(0, 0);0;0;0;0;0;0;0;0;0;0;0;();(-2000.0, -2000.0);
03:24:45:346;03:24:45:229;1448289644.89;(0, 0);0;0;0;0;0;0;0;0;0;0;0;();(-2000.0, -2000.0);
03:24:45:362;03:24:45:229;1448289644.89;(0, 0);0;0;0;0;0;0;0;0;0;0;0;();(-2000.0, -2000.0);
03:24:45:396;03:24:45:367;1448289645.02;(0, 0);0;0;0;0;0;0;0;0;0;0;0;();(-2000.0, -2000.0);
03:24:45:412;03:24:45:367;1448289645.02;(0, 0);0;0;0;0;0;0;0;0;0;0;0;();(-2000.0, -2000.0);
03:24:45:429;03:24:45:367;1448289645.02;(0, 0);0;0;0;0;0;0;0;0;0;0;0;();(-2000.0, -2000.0);
03:24:45:450;03:24:45:367;1448289645.02;(0, 0);0;0;0;0;0;0;0;0;0;0;0;();(-2000.0, -2000.0);
03:24:45:479;03:24:45:367;1448289645.02;(0, 0);0;0;0;0;0;0;0;0;0;0;0;();(-2000.0, -2000.0);
03:24:45:496;03:24:45:367;1448289645.02;(0, 0);0;0;0;0;0;0;0;0;0;0;0;();(-2000.0, -2000.0);
03:24:45:511;03:24:45:493;1448289645.15;(0, 0);0;0;0;0;0;0;0;0;0;0;0;();(-2000.0, -2000.0);
03:24:45:528;03:24:45:493;1448289645.15;(0, 0);0;0;0;0;0;0;0;0;0;0;0;();(-2000.0, -2000.0);
03:24:45:544;03:24:45:493;1448289645.15;(0, 0);0;0;0;0;0;0;0;0;0;0;0;();(-2000.0, -2000.0);
03:24:45:578;03:24:45:493;1448289645.15;(0, 0);0;0;0;0;0;0;0;0;0;0;0;();(-2000.0, -2000.0);
03:24:45:594;03:24:45:493;1448289645.15;(0, 0);0;0;0;0;0;0;0;0;0;0;0;();(-2000.0, -2000.0);
03:24:45:611;03:24:45:493;1448289645.15;(0, 0);0;0;0;0;0;0;0;0;0;0;0;();(-2000.0, -2000.0);
03:24:45:627;03:24:45:493;1448289645.15;(0, 0);0;0;0;0;0;0;0;0;0;0;0;();(-2000.0, -2000.0);
03:24:45:644;03:24:45:630;1448289645.29;(0, 0);0;0;0;0;0;0;0;0;0;0;0;();(-2000.0, -2000.0);
03:24:45:677;03:24:45:630;1448289645.29;(0, 0);0;0;0;0;0;0;0;0;0;0;0;();(-2000.0, -2000.0);
03:24:45:693;03:24:45:630;1448289645.29;(0, 0);0;0;0;0;0;0;0;0;0;0;0;();(-2000.0, -2000.0);
03:24:45:710;03:24:45:630;1448289645.29;(0, 0);0;0;0;0;0;0;0;0;0;0;0;();(-2000.0, -2000.0);
03:24:45:727;03:24:45:630;1448289645.29;(0, 0);0;0;0;0;0;0;0;0;0;0;0;();(-2000.0, -2000.0);
03:24:45:743;03:24:45:630;1448289645.29;(0, 0);0;0;0;0;0;0;0;0;0;0;0;();(-2000.0, -2000.0);
03:24:45:777;03:24:45:760;1448289645.42;(0, 0);0;0;0;0;0;0;0;0;0;0;0;();(-2000.0, -2000.0);
03:24:45:793;03:24:45:760;1448289645.42;(0, 0);0;0;0;0;0;0;0;0;0;0;0;();(-2000.0, -2000.0);
03:24:45:810;03:24:45:760;1448289645.42;(0, 0);0;0;0;0;0;0;0;0;0;0;0;();(-2000.0, -2000.0);
03:24:45:826;03:24:45:760;1448289645.42;(0, 0);0;0;0;0;0;0;0;0;0;0;0;();(-2000.0, -2000.0);
03:24:45:843;03:24:45:760;1448289645.42;(0, 0);0;0;0;0;0;0;0;0;0;0;0;();(-2000.0, -2000.0);
03:24:45:876;03:24:45:760;1448289645.42;(0, 0);0;0;0;0;0;0;0;0;0;0;0;();(-2000.0, -2000.0);
03:24:45:892;03:24:45:760;1448289645.42;(0, 0);0;0;0;0;0;0;0;0;0;0;0;();(-2000.0, -2000.0);
03:24:45:909;03:24:45:894;1448289645.55;(0, 0);0;0;0;0;0;0;0;0;0;0;0;();(-2000.0, -2000.0);
03:24:45:926;03:24:45:894;1448289645.55;(0, 0);0;0;0;0;0;0;0;0;0;0;0;();(-2000.0, -2000.0);
03:24:45:942;03:24:45:894;1448289645.55;(0, 0);0;0;0;0;0;0;0;0;0;0;0;();(-2000.0, -2000.0);
03:24:45:975;03:24:45:894;1448289645.55;(0, 0);0;0;0;0;0;0;0;0;0;0;0;();(-2000.0, -2000.0);
03:24:45:992;03:24:45:894;1448289645.55;(0, 0);0;0;0;0;0;0;0;0;0;0;0;();(-2000.0, -2000.0);
03:24:46:008;03:24:45:894;1448289645.55;(0, 0);0;0;0;0;0;0;0;0;0;0;0;();(-2000.0, -2000.0);
03:24:46:025;03:24:45:894;1448289645.55;(0, 0);0;0;0;0;0;0;0;0;0;0;0;();(-2000.0, -2000.0);
03:24:46:058;03:24:46:025;1448289645.69;(0, 0);0;0;0;0;0;0;0;0;0;0;0;();(-2000.0, -2000.0);
03:24:46:075;03:24:46:025;1448289645.69;(0, 0);0;0;0;0;0;0;0;0;0;0;0;();(-2000.0, -2000.0);
03:24:46:091;03:24:46:025;1448289645.69;(0, 0);0;0;0;0;0;0;0;0;0;0;0;();(-2000.0, -2000.0);
03:24:46:108;03:24:46:025;1448289645.69;(0, 0);0;0;0;0;0;0;0;0;0;0;0;();(-2000.0, -2000.0);
03:24:46:125;03:24:46:025;1448289645.69;(0, 0);0;0;0;0;0;0;0;0;0;0;0;();(-2000.0, -2000.0);
03:24:46:158;03:24:46:025;1448289645.69;(0, 0);0;0;0;0;0;0;0;0;0;0;0;();(-2000.0, -2000.0);
03:24:46:174;03:24:46:157;1448289645.82;(0, 0);0;0;0;0;0;0;0;0;0;0;0;();(-2000.0, -2000.0);
03:24:46:191;03:24:46:157;1448289645.82;(0, 0);0;0;0;0;0;0;0;0;0;0;0;();(-2000.0, -2000.0);
03:24:46:207;03:24:46:157;1448289645.82;(0, 0);0;0;0;0;0;0;0;0;0;0;0;();(-2000.0, -2000.0);
03:24:46:224;03:24:46:157;1448289645.82;(0, 0);0;0;0;0;0;0;0;0;0;0;0;();(-2000.0, -2000.0);
03:24:46:257;03:24:46:157;1448289645.82;(0, 0);0;0;0;0;0;0;0;0;0;0;0;();(-2000.0, -2000.0);
03:24:46:274;03:24:46:157;1448289645.82;(0, 0);0;0;0;0;0;0;0;0;0;0;0;();(-2000.0, -2000.0);
03:24:46:290;03:24:46:157;1448289645.82;(0, 0);0;0;0;0;0;0;0;0;0;0;0;();(-2000.0, -2000.0);
03:24:46:307;03:24:46:293;1448289645.95;(0, 0);0;0;0;0;0;0;0;0;0;0;0;();(-2000.0, -2000.0);
03:24:46:323;03:24:46:293;1448289645.95;(0, 0);0;0;0;0;0;0;0;0;0;0;0;();(-2000.0, -2000.0);
03:24:46:356;03:24:46:293;1448289645.95;(0, 0);0;0;0;0;0;0;0;0;0;0;0;();(-2000.0, -2000.0);
03:24:46:373;03:24:46:293;1448289645.95;(0, 0);0;0;0;0;0;0;0;0;0;0;0;();(-2000.0, -2000.0);
03:24:46:390;03:24:46:293;1448289645.95;(0, 0);0;0;0;0;0;0;0;0;0;0;0;();(-2000.0, -2000.0);
03:24:46:406;03:24:46:293;1448289645.95;(0, 0);0;0;0;0;0;0;0;0;0;0;0;();(-2000.0, -2000.0);
03:24:46:423;03:24:46:293;1448289645.95;(0, 0);0;0;0;0;0;0;0;0;0;0;0;();(-2000.0, -2000.0);
03:24:46:456;03:24:46:425;1448289646.09;(0, 0);0;0;0;0;0;0;0;0;0;0;0;();(-2000.0, -2000.0);
03:24:46:472;03:24:46:425;1448289646.09;(0, 0);0;0;0;0;0;0;0;0;0;0;0;();(-2000.0, -2000.0);
03:24:46:489;03:24:46:425;1448289646.09;(0, 0);0;0;0;0;0;0;0;0;0;0;0;();(-2000.0, -2000.0);
03:24:46:505;03:24:46:425;1448289646.09;(0, 0);0;0;0;0;0;0;0;0;0;0;0;();(-2000.0, -2000.0);
03:24:46:522;03:24:46:425;1448289646.09;(0, 0);0;0;0;0;0;0;0;0;0;0;0;();(-2000.0, -2000.0);
03:24:46:555;03:24:46:425;1448289646.09;(0, 0);0;0;0;0;0;0;0;0;0;0;0;();(-2000.0, -2000.0);
03:24:46:572;03:24:46:556;1448289646.22;(0, 0);0;0;0;0;0;0;0;0;0;0;0;();(-2000.0, -2000.0);
03:24:46:589;03:24:46:556;1448289646.22;(0, 0);0;0;0;0;0;0;0;0;0;0;0;();(-2000.0, -2000.0);
03:24:46:605;03:24:46:556;1448289646.22;(0, 0);0;0;0;0;0;0;0;0;0;0;0;();(-2000.0, -2000.0);
03:24:46:638;03:24:46:556;1448289646.22;(0, 0);0;0;0;0;0;0;0;0;0;0;0;();(-2000.0, -2000.0);
03:24:46:655;03:24:46:556;1448289646.22;(0, 0);0;0;0;0;0;0;0;0;0;0;0;();(-2000.0, -2000.0);
03:24:46:671;03:24:46:556;1448289646.22;(0, 0);0;0;0;0;0;0;0;0;0;0;0;();(-2000.0, -2000.0);
03:24:46:688;03:24:46:556;1448289646.22;(0, 0);0;0;0;0;0;0;0;0;0;0;0;();(-2000.0, -2000.0);
03:24:46:704;03:24:46:689;1448289646.35;(0, 0);0;0;0;0;0;0;0;0;0;0;0;();(-2000.0, -2000.0);
03:24:46:737;03:24:46:689;1448289646.35;(0, 0);0;0;0;0;0;0;0;0;0;0;0;();(-2000.0, -2000.0);
03:24:46:754;03:24:46:689;1448289646.35;(0, 0);0;0;0;0;0;0;0;0;0;0;0;();(-2000.0, -2000.0);
03:24:46:771;03:24:46:689;1448289646.35;(0, 0);0;0;0;0;0;0;0;0;0;0;0;();(-2000.0, -2000.0);
03:24:46:787;03:24:46:689;1448289646.35;(0, 0);0;0;0;0;0;0;0;0;0;0;0;();(-2000.0, -2000.0);
03:24:46:804;03:24:46:689;1448289646.35;(0, 0);0;0;0;0;0;0;0;0;0;0;0;();(-2000.0, -2000.0);
03:24:46:837;03:24:46:820;1448289646.49;(0, 0);0;0;0;0;0;0;0;0;0;0;0;();(-2000.0, -2000.0);
03:24:46:853;03:24:46:820;1448289646.49;(0, 0);0;0;0;0;0;0;0;0;0;0;0;();(-2000.0, -2000.0);
03:24:46:870;03:24:46:820;1448289646.49;(0, 0);0;0;0;0;0;0;0;0;0;0;0;();(-2000.0, -2000.0);
03:24:46:886;03:24:46:820;1448289646.49;(0, 0);0;0;0;0;0;0;0;0;0;0;0;();(-2000.0, -2000.0);
03:24:46:903;03:24:46:820;1448289646.49;(0, 0);0;0;0;0;0;0;0;0;0;0;0;();(-2000.0, -2000.0);
03:24:46:936;03:24:46:820;1448289646.49;(0, 0);0;0;0;0;0;0;0;0;0;0;0;();(-2000.0, -2000.0);
03:24:46:953;03:24:46:820;1448289646.49;(0, 0);0;0;0;0;0;0;0;0;0;0;0;();(-2000.0, -2000.0);
03:24:46:969;03:24:46:957;1448289646.62;(0, 0);0;0;0;0;0;0;0;0;0;0;0;();(-2000.0, -2000.0);
03:24:46:986;03:24:46:957;1448289646.62;(0, 0);0;0;0;0;0;0;0;0;0;0;0;();(-2000.0, -2000.0);
03:24:47:003;03:24:46:957;1448289646.62;(0, 0);0;0;0;0;0;0;0;0;0;0;0;();(-2000.0, -2000.0);
03:24:47:036;03:24:46:957;1448289646.62;(0, 0);0;0;0;0;0;0;0;0;0;0;0;();(-2000.0, -2000.0);
03:24:47:052;03:24:46:957;1448289646.62;(0, 0);0;0;0;0;0;0;0;0;0;0;0;();(-2000.0, -2000.0);
03:24:47:069;03:24:46:957;1448289646.62;(0, 0);0;0;0;0;0;0;0;0;0;0;0;();(-2000.0, -2000.0);
03:24:47:085;03:24:46:957;1448289646.62;(0, 0);0;0;0;0;0;0;0;0;0;0;0;();(-2000.0, -2000.0);
