%Timestamp,timestamp_write;timestamp_gotpupil;eyeTrackerTime;normPos;diameter;confidence;timestamp_gotbitdata;CRC;SEQ;AnalogOutp1;AnalogOutp2;AnalogOutp3;AnalogOutp4;AnalogOutp5;AnalogOutp6;DigitalOutp1;DigitalOutp2;DigitalOutp3;DigitalOutp4;nplanes;listofAirplanesonScreen;lastAction;lastActionDetails;lastActionAirplaneNumber;calculatedScore;positiveScore;negativeScore;collidedAirplaneNumbers;targetPositions;collisionPoint
06:45:08:954;06:45:08:905;1448647278.8;(0, 0);0;0;;;;;;;;;;;;;;0;0;0;0;0;0;0;0;0;();(-2000.0, -2000.0);
06:45:08:957;06:45:08:905;1448647278.8;(0, 0);0;0;;;;;;;;;;;;;;0;0;0;0;0;0;0;0;0;();(-2000.0, -2000.0);
06:45:08:958;06:45:08:905;1448647278.8;(0, 0);0;0;;;;;;;;;;;;;;0;0;0;0;0;0;0;0;0;();(-2000.0, -2000.0);
06:45:08:959;06:45:08:905;1448647278.8;(0, 0);0;0;;;;;;;;;;;;;;0;0;0;0;0;0;0;0;0;();(-2000.0, -2000.0);
06:45:08:961;06:45:08:905;1448647278.8;(0, 0);0;0;;;;;;;;;;;;;;0;0;0;0;0;0;0;0;0;();(-2000.0, -2000.0);
06:45:08:962;06:45:08:905;1448647278.8;(0, 0);0;0;;;;;;;;;;;;;;0;0;0;0;0;0;0;0;0;();(-2000.0, -2000.0);
06:45:08:963;06:45:08:905;1448647278.8;(0, 0);0;0;;;;;;;;;;;;;;0;0;0;0;0;0;0;0;0;();(-2000.0, -2000.0);
06:45:08:964;06:45:08:905;1448647278.8;(0, 0);0;0;;;;;;;;;;;;;;0;0;0;0;0;0;0;0;0;();(-2000.0, -2000.0);
06:45:08:966;06:45:08:905;1448647278.8;(0, 0);0;0;;;;;;;;;;;;;;0;0;0;0;0;0;0;0;0;();(-2000.0, -2000.0);
06:45:08:967;06:45:08:966;1448647278.87;(0, 0);0;0;;;;;;;;;;;;;;0;0;0;0;0;0;0;0;0;();(-2000.0, -2000.0);
06:45:08:968;06:45:08:966;1448647278.87;(0, 0);0;0;;;;;;;;;;;;;;0;0;0;0;0;0;0;0;0;();(-2000.0, -2000.0);
06:45:08:969;06:45:08:966;1448647278.87;(0, 0);0;0;;;;;;;;;;;;;;0;0;0;0;0;0;0;0;0;();(-2000.0, -2000.0);
06:45:08:970;06:45:08:966;1448647278.87;(0, 0);0;0;;;;;;;;;;;;;;0;0;0;0;0;0;0;0;0;();(-2000.0, -2000.0);
06:45:08:972;06:45:08:966;1448647278.87;(0, 0);0;0;;;;;;;;;;;;;;0;0;0;0;0;0;0;0;0;();(-2000.0, -2000.0);
06:45:08:973;06:45:08:966;1448647278.87;(0, 0);0;0;;;;;;;;;;;;;;0;0;0;0;0;0;0;0;0;();(-2000.0, -2000.0);
06:45:08:974;06:45:08:966;1448647278.87;(0, 0);0;0;;;;;;;;;;;;;;0;0;0;0;0;0;0;0;0;();(-2000.0, -2000.0);
06:45:08:977;06:45:08:966;1448647278.87;(0, 0);0;0;;;;;;;;;;;;;;0;0;0;0;0;0;0;0;0;();(-2000.0, -2000.0);
06:45:08:995;06:45:08:966;1448647278.87;(0, 0);0;0;;;;;;;;;;;;;;0;0;0;0;0;0;0;0;0;();(-2000.0, -2000.0);
06:45:09:010;06:45:08:966;1448647278.87;(0, 0);0;0;;;;;;;;;;;;;;0;0;0;0;0;0;0;0;0;();(-2000.0, -2000.0);
06:45:09:029;06:45:08:966;1448647278.87;(0, 0);0;0;;;;;;;;;;;;;;0;0;0;0;0;0;0;0;0;();(-2000.0, -2000.0);
06:45:09:045;06:45:09:034;1448647278.9;(0, 0);0;0;;;;;;;;;;;;;;0;0;0;0;0;0;0;0;0;();(-2000.0, -2000.0);
06:45:09:062;06:45:09:034;1448647278.9;(0, 0);0;0;;;;;;;;;;;;;;0;0;0;0;0;0;0;0;0;();(-2000.0, -2000.0);
06:45:09:095;06:45:09:034;1448647278.9;(0, 0);0;0;;;;;;;;;;;;;;0;0;0;0;0;0;0;0;0;();(-2000.0, -2000.0);
06:45:09:111;06:45:09:104;1448647278.97;(0, 0);0;0;;;;;;;;;;;;;;0;0;0;0;0;0;0;0;0;();(-2000.0, -2000.0);
06:45:11:398;06:45:11:358;1448647281.23;(0, 0);0;0;;;;;;;;;;;;;;0;0;0;0;0;0;0;0;0;();(-2000.0, -2000.0);
06:45:11:400;06:45:11:358;1448647281.23;(0, 0);0;0;;;;;;;;;;;;;;0;0;0;0;0;0;0;0;0;();(-2000.0, -2000.0);
06:45:11:403;06:45:11:358;1448647281.23;(0, 0);0;0;;;;;;;;;;;;;;0;0;0;0;0;0;0;0;0;();(-2000.0, -2000.0);
06:45:11:406;06:45:11:358;1448647281.23;(0, 0);0;0;;;;;;;;;;;;;;0;0;0;0;0;0;0;0;0;();(-2000.0, -2000.0);
06:45:11:408;06:45:11:358;1448647281.23;(0, 0);0;0;;;;;;;;;;;;;;0;0;0;0;0;0;0;0;0;();(-2000.0, -2000.0);
06:45:11:411;06:45:11:358;1448647281.23;(0, 0);0;0;;;;;;;;;;;;;;0;0;0;0;0;0;0;0;0;();(-2000.0, -2000.0);
06:45:11:414;06:45:11:358;1448647281.23;(0, 0);0;0;;;;;;;;;;;;;;0;0;0;0;0;0;0;0;0;();(-2000.0, -2000.0);
06:45:11:416;06:45:11:358;1448647281.23;(0, 0);0;0;;;;;;;;;;;;;;0;0;0;0;0;0;0;0;0;();(-2000.0, -2000.0);
06:45:11:419;06:45:11:358;1448647281.23;(0, 0);0;0;;;;;;;;;;;;;;0;0;0;0;0;0;0;0;0;();(-2000.0, -2000.0);
06:45:11:422;06:45:11:358;1448647281.23;(0, 0);0;0;;;;;;;;;;;;;;0;0;0;0;0;0;0;0;0;();(-2000.0, -2000.0);
06:45:11:428;06:45:11:424;1448647281.3;(0, 0);0;0;;;;;;;;;;;;;;0;0;0;0;0;0;0;0;0;();(-2000.0, -2000.0);
06:45:11:429;06:45:11:424;1448647281.3;(0, 0);0;0;;;;;;;;;;;;;;0;0;0;0;0;0;0;0;0;();(-2000.0, -2000.0);
06:45:11:431;06:45:11:424;1448647281.3;(0, 0);0;0;;;;;;;;;;;;;;0;0;0;0;0;0;0;0;0;();(-2000.0, -2000.0);
06:45:11:432;06:45:11:424;1448647281.3;(0, 0);0;0;;;;;;;;;;;;;;0;0;0;0;0;0;0;0;0;();(-2000.0, -2000.0);
06:45:11:433;06:45:11:424;1448647281.3;(0, 0);0;0;;;;;;;;;;;;;;0;0;0;0;0;0;0;0;0;();(-2000.0, -2000.0);
06:45:11:434;06:45:11:424;1448647281.3;(0, 0);0;0;;;;;;;;;;;;;;0;0;0;0;0;0;0;0;0;();(-2000.0, -2000.0);
06:45:11:435;06:45:11:424;1448647281.3;(0, 0);0;0;;;;;;;;;;;;;;0;0;0;0;0;0;0;0;0;();(-2000.0, -2000.0);
06:45:11:439;06:45:11:424;1448647281.3;(0, 0);0;0;;;;;;;;;;;;;;0;0;0;0;0;0;0;0;0;();(-2000.0, -2000.0);
06:45:11:440;06:45:11:424;1448647281.3;(0, 0);0;0;;;;;;;;;;;;;;0;0;0;0;0;0;0;0;0;();(-2000.0, -2000.0);
06:45:11:456;06:45:11:424;1448647281.3;(0, 0);0;0;;;;;;;;;;;;;;0;0;0;0;0;0;0;0;0;();(-2000.0, -2000.0);
06:45:11:489;06:45:11:424;1448647281.3;(0, 0);0;0;;;;;;;;;;;;;;0;0;0;0;0;0;0;0;0;();(-2000.0, -2000.0);
06:45:11:506;06:45:11:490;1448647281.37;(0, 0);0;0;;;;;;;;;;;;;;0;0;0;0;0;0;0;0;0;();(-2000.0, -2000.0);
06:45:11:523;06:45:11:490;1448647281.37;(0, 0);0;0;;;;;;;;;;;;;;0;0;0;0;0;0;0;0;0;();(-2000.0, -2000.0);
06:45:11:538;06:45:11:490;1448647281.37;(0, 0);0;0;;;;;;;;;;;;;;0;0;0;0;0;0;0;0;0;();(-2000.0, -2000.0);
06:45:11:555;06:45:11:490;1448647281.37;(0, 0);0;0;;;;;;;;;;;;;;0;0;0;0;0;0;0;0;0;();(-2000.0, -2000.0);
06:45:11:980;06:45:11:957;1448647281.83;(0, 0);0;0;;;;;;;;;;;;;;0;0;0;0;0;0;0;0;0;();(-2000.0, -2000.0);
06:45:11:983;06:45:11:957;1448647281.83;(0, 0);0;0;;;;;;;;;;;;;;0;0;0;0;0;0;0;0;0;();(-2000.0, -2000.0);
06:45:11:986;06:45:11:957;1448647281.83;(0, 0);0;0;;;;;;;;;;;;;;0;0;0;0;0;0;0;0;0;();(-2000.0, -2000.0);
06:45:11:989;06:45:11:957;1448647281.83;(0, 0);0;0;;;;;;;;;;;;;;0;0;0;0;0;0;0;0;0;();(-2000.0, -2000.0);
06:45:11:991;06:45:11:957;1448647281.83;(0, 0);0;0;;;;;;;;;;;;;;0;0;0;0;0;0;0;0;0;();(-2000.0, -2000.0);
06:45:11:994;06:45:11:957;1448647281.83;(0, 0);0;0;;;;;;;;;;;;;;0;0;0;0;0;0;0;0;0;();(-2000.0, -2000.0);
06:45:11:995;06:45:11:957;1448647281.83;(0, 0);0;0;;;;;;;;;;;;;;0;0;0;0;0;0;0;0;0;();(-2000.0, -2000.0);
06:45:11:996;06:45:11:957;1448647281.83;(0, 0);0;0;;;;;;;;;;;;;;0;0;0;0;0;0;0;0;0;();(-2000.0, -2000.0);
06:45:11:998;06:45:11:957;1448647281.83;(0, 0);0;0;;;;;;;;;;;;;;0;0;0;0;0;0;0;0;0;();(-2000.0, -2000.0);
06:45:11:999;06:45:11:957;1448647281.83;(0, 0);0;0;;;;;;;;;;;;;;0;0;0;0;0;0;0;0;0;();(-2000.0, -2000.0);
06:45:12:000;06:45:11:957;1448647281.83;(0, 0);0;0;;;;;;;;;;;;;;0;0;0;0;0;0;0;0;0;();(-2000.0, -2000.0);
06:45:12:002;06:45:11:957;1448647281.83;(0, 0);0;0;;;;;;;;;;;;;;0;0;0;0;0;0;0;0;0;();(-2000.0, -2000.0);
06:45:12:003;06:45:11:957;1448647281.83;(0, 0);0;0;;;;;;;;;;;;;;0;0;0;0;0;0;0;0;0;();(-2000.0, -2000.0);
06:45:12:004;06:45:11:957;1448647281.83;(0, 0);0;0;;;;;;;;;;;;;;0;0;0;0;0;0;0;0;0;();(-2000.0, -2000.0);
06:45:12:005;06:45:11:957;1448647281.83;(0, 0);0;0;;;;;;;;;;;;;;0;0;0;0;0;0;0;0;0;();(-2000.0, -2000.0);
06:45:12:007;06:45:11:957;1448647281.83;(0, 0);0;0;;;;;;;;;;;;;;0;0;0;0;0;0;0;0;0;();(-2000.0, -2000.0);
06:45:12:008;06:45:11:957;1448647281.83;(0, 0);0;0;;;;;;;;;;;;;;0;0;0;0;0;0;0;0;0;();(-2000.0, -2000.0);
06:45:12:012;06:45:11:957;1448647281.83;(0, 0);0;0;;;;;;;;;;;;;;0;0;0;0;0;0;0;0;0;();(-2000.0, -2000.0);
06:45:12:013;06:45:11:957;1448647281.83;(0, 0);0;0;;;;;;;;;;;;;;0;0;0;0;0;0;0;0;0;();(-2000.0, -2000.0);
06:45:12:028;06:45:12:021;1448647281.9;(0, 0);0;0;;;;;;;;;;;;;;0;0;0;0;0;0;0;0;0;();(-2000.0, -2000.0);
06:45:12:061;06:45:12:021;1448647281.9;(0, 0);0;0;;;;;;;;;;;;;;0;0;0;0;0;0;0;0;0;();(-2000.0, -2000.0);
06:45:12:078;06:45:12:021;1448647281.9;(0, 0);0;0;;;;;;;;;;;;;;0;0;0;0;0;0;0;0;0;();(-2000.0, -2000.0);
06:45:12:095;06:45:12:088;1448647281.97;(0, 0);0;0;;;;;;;;;;;;;;0;0;0;0;0;0;0;0;0;();(-2000.0, -2000.0);
06:45:12:111;06:45:12:088;1448647281.97;(0, 0);0;0;;;;;;;;;;;;;;0;0;0;0;0;0;0;0;0;();(-2000.0, -2000.0);
06:45:12:127;06:45:12:088;1448647281.97;(0, 0);0;0;;;;;;;;;;;;;;0;0;0;0;0;0;0;0;0;();(-2000.0, -2000.0);
06:45:12:161;06:45:12:154;1448647282.03;(0, 0);0;0;;;;;;;;;;;;;;0;0;0;0;0;0;0;0;0;();(-2000.0, -2000.0);
06:45:12:607;06:45:12:566;1448647282.43;(0, 0);0;0;06:45:12:605;0;4;-1.5;1.01387512388503;0.293255131964809;0;0;0;1;1;1;1;0;0;0;0;0;0;0;0;0;();(-2000.0, -2000.0);
06:45:12:609;06:45:12:566;1448647282.43;(0, 0);0;0;06:45:12:609;0;4;-1.5;1.01387512388503;0.293255131964809;0;0;0;1;1;1;1;0;0;0;0;0;0;0;0;0;();(-2000.0, -2000.0);
06:45:12:612;06:45:12:566;1448647282.43;(0, 0);0;0;06:45:12:612;0;4;-1.5;1.01387512388503;0.293255131964809;0;0;0;1;1;1;1;0;0;0;0;0;0;0;0;0;();(-2000.0, -2000.0);
06:45:12:615;06:45:12:566;1448647282.43;(0, 0);0;0;06:45:12:615;0;4;-1.5;1.01387512388503;0.293255131964809;0;0;0;1;1;1;1;0;0;0;0;0;0;0;0;0;();(-2000.0, -2000.0);
06:45:12:617;06:45:12:566;1448647282.43;(0, 0);0;0;06:45:12:617;0;11;-1.5;1.01387512388503;0;0;0;0;1;1;1;1;0;0;0;0;0;0;0;0;0;();(-2000.0, -2000.0);
06:45:12:620;06:45:12:618;1448647282.5;(0, 0);0;0;06:45:12:620;0;0;-1.5;1.01186943620178;0.0977517106549365;0;0;0;1;1;1;1;0;0;0;0;0;0;0;0;0;();(-2000.0, -2000.0);
06:45:12:623;06:45:12:618;1448647282.5;(0, 0);0;0;06:45:12:623;0;0;-1.5;1.01186943620178;0.0977517106549365;0;0;0;1;1;1;1;0;0;0;0;0;0;0;0;0;();(-2000.0, -2000.0);
06:45:12:624;06:45:12:618;1448647282.5;(0, 0);0;0;06:45:12:624;0;10;-1.5;1.01186943620178;0;0;0;0;1;1;1;1;0;0;0;0;0;0;0;0;0;();(-2000.0, -2000.0);
06:45:12:626;06:45:12:618;1448647282.5;(0, 0);0;0;06:45:12:626;0;10;-1.5;1.01186943620178;0;0;0;0;1;1;1;1;0;0;0;0;0;0;0;0;0;();(-2000.0, -2000.0);
06:45:12:627;06:45:12:618;1448647282.5;(0, 0);0;0;06:45:12:627;0;10;-1.5;1.01186943620178;0;0;0;0;1;1;1;1;0;0;0;0;0;0;0;0;0;();(-2000.0, -2000.0);
06:45:12:628;06:45:12:618;1448647282.5;(0, 0);0;0;06:45:12:628;0;10;-1.5;1.01186943620178;0;0;0;0;1;1;1;1;0;0;0;0;0;0;0;0;0;();(-2000.0, -2000.0);
06:45:12:630;06:45:12:618;1448647282.5;(0, 0);0;0;06:45:12:630;0;10;-1.5;1.01186943620178;0;0;0;0;1;1;1;1;0;0;0;0;0;0;0;0;0;();(-2000.0, -2000.0);
06:45:12:631;06:45:12:618;1448647282.5;(0, 0);0;0;06:45:12:631;0;10;-1.5;1.01186943620178;0;0;0;0;1;1;1;1;0;0;0;0;0;0;0;0;0;();(-2000.0, -2000.0);
06:45:12:632;06:45:12:618;1448647282.5;(0, 0);0;0;06:45:12:632;0;10;-1.5;1.01186943620178;0;0;0;0;1;1;1;1;0;0;0;0;0;0;0;0;0;();(-2000.0, -2000.0);
06:45:12:634;06:45:12:618;1448647282.5;(0, 0);0;0;06:45:12:634;0;10;-1.5;1.01186943620178;0;0;0;0;1;1;1;1;0;0;0;0;0;0;0;0;0;();(-2000.0, -2000.0);
06:45:12:635;06:45:12:618;1448647282.5;(0, 0);0;0;06:45:12:635;0;10;-1.5;1.01186943620178;0;0;0;0;1;1;1;1;0;0;0;0;0;0;0;0;0;();(-2000.0, -2000.0);
06:45:12:636;06:45:12:618;1448647282.5;(0, 0);0;0;06:45:12:636;0;10;-1.5;1.01186943620178;0;0;0;0;1;1;1;1;0;0;0;0;0;0;0;0;0;();(-2000.0, -2000.0);
06:45:12:639;06:45:12:618;1448647282.5;(0, 0);0;0;06:45:12:639;0;5;-1.5;1.00688976377953;0.0977517106549365;0;0;0;1;1;1;1;0;0;0;0;0;0;0;0;0;();(-2000.0, -2000.0);
06:45:12:640;06:45:12:618;1448647282.5;(0, 0);0;0;06:45:12:640;0;5;-1.5;1.00688976377953;0.0977517106549365;0;0;0;1;1;1;1;0;0;0;0;0;0;0;0;0;();(-2000.0, -2000.0);
06:45:12:656;06:45:12:618;1448647282.5;(0, 0);0;0;06:45:12:656;0;10;-1.5;1.00589970501475;0.0977517106549365;0;0;0;1;1;1;1;0;0;0;0;0;0;0;0;0;();(-2000.0, -2000.0);
06:45:12:689;06:45:12:687;1448647282.57;(0, 0);0;0;06:45:12:689;0;15;-1.5;1.00294117647059;0.0977517106549365;0;0;0;1;1;1;1;0;0;0;0;0;0;0;0;0;();(-2000.0, -2000.0);
06:45:12:706;06:45:12:687;1448647282.57;(0, 0);0;0;06:45:12:706;0;5;-1.5;1.00294117647059;0.0977517106549365;0;0;0;1;1;1;1;0;0;0;0;0;0;0;0;0;();(-2000.0, -2000.0);
06:45:12:722;06:45:12:687;1448647282.57;(0, 0);0;0;06:45:12:722;0;10;-1.5;1.00097847358121;0.0977517106549365;0;0;0;1;1;1;1;0;0;0;0;0;0;0;0;0;();(-2000.0, -2000.0);
06:45:12:739;06:45:12:687;1448647282.57;(0, 0);0;0;06:45:12:739;0;4;-1.5;1.00294117647059;0.0977517106549365;0;0;0;1;1;1;1;0;0;0;0;0;0;0;0;0;();(-2000.0, -2000.0);
06:45:12:771;06:45:12:750;1448647282.63;(0, 0);0;0;06:45:12:771;0;4;-1.5;1.00688976377953;0;0;0;0;1;1;1;1;0;0;0;0;0;0;0;0;0;();(-2000.0, -2000.0);
06:45:12:788;06:45:12:750;1448647282.63;(0, 0);0;0;06:45:12:788;0;10;-1.5;1.01387512388503;0.0977517106549365;0;0;0;1;1;1;1;0;0;0;0;0;0;0;0;0;();(-2000.0, -2000.0);
06:45:12:805;06:45:12:750;1448647282.63;(0, 0);0;0;06:45:12:804;0;15;-1.5;1.01892430278884;0.0977517106549365;0;0;0;1;1;1;1;0;0;0;0;0;0;0;0;0;();(-2000.0, -2000.0);
06:45:12:821;06:45:12:818;1448647282.7;(0, 0);0;0;06:45:12:821;0;10;-1.5;1.01892430278884;0.293255131964809;0;0;0;1;1;1;1;0;0;0;0;0;0;0;0;0;();(-2000.0, -2000.0);
06:45:12:838;06:45:12:818;1448647282.7;(0, 0);0;0;06:45:12:838;0;4;-1.5;1.01892430278884;0.0977517106549365;0;0;0;1;1;1;1;0;0;0;0;0;0;0;0;0;();(-2000.0, -2000.0);
06:45:12:871;06:45:12:818;1448647282.7;(0, 0);0;0;06:45:12:871;0;13;-1.5;1.01892430278884;0.0977517106549365;0;0;0;1;1;1;1;0;0;0;0;0;0;0;0;0;();(-2000.0, -2000.0);
06:45:12:887;06:45:12:886;1448647282.77;(0, 0);0;0;06:45:12:887;0;10;-1.5;1.01488095238095;0.0977517106549365;0;0;0;1;1;1;1;0;0;0;0;0;0;0;0;0;();(-2000.0, -2000.0);
06:45:12:904;06:45:12:886;1448647282.77;(0, 0);0;0;06:45:12:904;0;4;-1.5;1.01186943620178;0.0977517106549365;0;0;0;1;1;1;1;0;0;0;0;0;0;0;0;0;();(-2000.0, -2000.0);
06:45:12:920;06:45:12:886;1448647282.77;(0, 0);0;0;06:45:12:920;0;9;-1.5;1.00688976377953;0.0977517106549365;0;0;0;1;1;1;1;0;0;0;0;0;0;0;0;0;();(-2000.0, -2000.0);
06:45:12:937;06:45:12:886;1448647282.77;(0, 0);0;0;06:45:12:937;0;0;-1.5;1.00294117647059;0.0977517106549365;0;0;0;1;1;1;1;0;0;0;0;0;0;0;0;0;();(-2000.0, -2000.0);
06:45:12:970;06:45:12:950;1448647282.83;(0.8516909599304199, 0.6515671836005317);19.1967315674;0.76291981254;06:45:12:970;0;15;-1.5;1;0.293255131964809;0;0;0;1;1;1;1;0;0;0;0;0;0;0;0;0;();(-2000.0, -2000.0);
06:45:12:986;06:45:12:950;1448647282.83;(0.8516909599304199, 0.6515671836005317);19.1967315674;0.76291981254;06:45:12:986;0;4;-1.5;1;0.293255131964809;0;0;0;1;1;1;1;0;0;0;0;0;0;0;0;0;();(-2000.0, -2000.0);
06:45:13:004;06:45:12:950;1448647282.83;(0.8516909599304199, 0.6515671836005317);19.1967315674;0.76291981254;06:45:13:004;0;15;-1.5;1.00097847358121;0;0;0;0;1;1;1;1;0;0;0;0;0;0;0;0;0;();(-2000.0, -2000.0);
06:45:13:020;06:45:13:018;1448647282.9;(0, 0);0;0;06:45:13:020;0;9;-1.5;1.00392541707556;0.293255131964809;0;0;0;1;1;1;1;0;0;0;0;0;0;0;0;0;();(-2000.0, -2000.0);
06:45:13:036;06:45:13:018;1448647282.9;(0, 0);0;0;06:45:13:036;0;9;-1.5;1.00392541707556;0.293255131964809;0;0;0;1;1;1;1;0;0;0;0;0;0;0;0;0;();(-2000.0, -2000.0);
06:45:13:070;06:45:13:018;1448647282.9;(0, 0);0;0;06:45:13:070;0;4;-1.5;1.00688976377953;0;0;0;0;1;1;1;1;0;0;0;0;0;0;0;0;0;();(-2000.0, -2000.0);
06:45:13:086;06:45:13:085;1448647282.97;(0, 0);0;0;06:45:13:086;0;5;-1.5;1.01186943620178;0.0977517106549365;0;0;0;1;1;1;1;0;0;0;0;0;0;0;0;0;();(-2000.0, -2000.0);
06:45:13:103;06:45:13:085;1448647282.97;(0, 0);0;0;06:45:13:103;0;10;-1.5;1.01186943620178;0.0977517106549365;0;0;0;1;1;1;1;0;0;0;0;0;0;0;0;0;();(-2000.0, -2000.0);
06:45:13:120;06:45:13:085;1448647282.97;(0, 0);0;0;06:45:13:120;0;5;-1.5;1.01186943620178;0.0977517106549365;0;0;0;1;1;1;1;0;0;0;0;0;0;0;0;0;();(-2000.0, -2000.0);
06:45:13:136;06:45:13:085;1448647282.97;(0, 0);0;0;06:45:13:136;0;10;-1.5;1.01488095238095;0.0977517106549365;0;0;0;1;1;1;1;0;0;0;0;0;0;0;0;0;();(-2000.0, -2000.0);
06:45:13:169;06:45:13:150;1448647283.03;(0, 0);0;0;06:45:13:169;0;9;-1.5;1.03125;0.0977517106549365;0;0;0;1;1;1;1;0;0;0;0;0;0;0;0;0;();(-2000.0, -2000.0);
06:45:13:186;06:45:13:150;1448647283.03;(0, 0);0;0;06:45:13:186;0;5;-1.5;1.03125;0.0977517106549365;0;0;0;1;1;1;1;0;0;0;0;0;0;0;0;0;();(-2000.0, -2000.0);
06:45:13:202;06:45:13:150;1448647283.03;(0, 0);0;0;06:45:13:202;0;10;-1.5;1.0250501002004;0.293255131964809;0;0;0;1;1;1;1;0;0;0;0;0;0;0;0;0;();(-2000.0, -2000.0);
06:45:13:219;06:45:13:150;1448647283.03;(0, 0);0;0;06:45:13:219;0;4;-1.5;1.02402402402402;0.0977517106549365;0;0;0;1;1;1;1;0;0;0;0;0;0;0;0;0;();(-2000.0, -2000.0);
06:45:13:235;06:45:13:228;1448647283.1;(0, 0);0;0;06:45:13:235;0;9;-1.5;1.03125;0.0977517106549365;0;0;0;1;1;1;1;0;0;0;0;0;0;0;0;0;();(-2000.0, -2000.0);
06:45:13:269;06:45:13:228;1448647283.1;(0, 0);0;0;06:45:13:269;0;10;-1.5;1.03125;0;0;0;0;1;1;1;1;0;0;0;0;0;0;0;0;0;();(-2000.0, -2000.0);
06:45:13:285;06:45:13:285;1448647283.17;(0, 0);0;0;06:45:13:285;0;5;-1.5;1.03542510121457;0.0977517106549365;0;0;0;1;1;1;1;0;0;0;0;0;0;0;0;0;();(-2000.0, -2000.0);
06:45:13:301;06:45:13:285;1448647283.17;(0, 0);0;0;06:45:13:301;0;5;-1.5;1.03542510121457;0.0977517106549365;0;0;0;1;1;1;1;0;0;0;0;0;0;0;0;0;();(-2000.0, -2000.0);
06:45:13:318;06:45:13:285;1448647283.17;(0, 0);0;0;06:45:13:318;0;4;-1.5;1.03021148036254;0.0977517106549365;0;0;0;1;1;1;1;0;0;0;0;0;0;0;0;0;();(-2000.0, -2000.0);
06:45:13:351;06:45:13:349;1448647283.2;(0, 0);0;0;06:45:13:351;0;15;-1.5;1.00688976377953;0;0;0;0;1;1;1;1;0;0;0;0;0;0;0;0;0;();(-2000.0, -2000.0);
06:45:13:368;06:45:13:352;1448647283.23;(0, 0);0;0;06:45:13:368;0;10;-1.5;1.00294117647059;0.0977517106549365;0;0;0;1;1;1;1;0;0;0;0;0;0;0;0;0;();(-2000.0, -2000.0);
06:45:13:384;06:45:13:352;1448647283.23;(0, 0);0;0;06:45:13:384;0;15;-1.5;1;0.0977517106549365;0;0;0;1;1;1;1;0;0;0;0;0;0;0;0;0;();(-2000.0, -2000.0);
06:45:13:401;06:45:13:352;1448647283.23;(0, 0);0;0;06:45:13:401;0;9;-1.5;1;0.0977517106549365;0;0;0;1;1;1;1;0;0;0;0;0;0;0;0;0;();(-2000.0, -2000.0);
06:45:13:418;06:45:13:414;1448647283.27;(0, 0);0;0;06:45:13:418;0;4;-1.5;1;0.0977517106549365;0;0;0;1;1;1;1;0;0;0;0;0;0;0;0;0;();(-2000.0, -2000.0);
06:45:13:450;06:45:13:420;1448647283.3;(0, 0);0;0;06:45:13:450;0;15;-1.5;1;0;0;0;0;1;1;1;1;0;0;0;0;0;0;0;0;0;();(-2000.0, -2000.0);
06:45:13:467;06:45:13:420;1448647283.3;(0, 0);0;0;06:45:13:467;0;10;-1.5;1;0.0977517106549365;0;0;0;1;1;1;1;0;0;0;0;0;0;0;0;0;();(-2000.0, -2000.0);
06:45:13:484;06:45:13:482;1448647283.37;(0, 0);0;0;06:45:13:484;0;15;-1.5;1;0;0;0;0;1;1;1;1;0;0;0;0;0;0;0;0;0;();(-2000.0, -2000.0);
06:45:13:500;06:45:13:482;1448647283.37;(0, 0);0;0;06:45:13:500;0;5;-1.5;1;0.0977517106549365;0;0;0;1;1;1;1;0;0;0;0;0;0;0;0;0;();(-2000.0, -2000.0);
06:45:13:517;06:45:13:482;1448647283.37;(0, 0);0;0;06:45:13:517;0;0;-1.5;1;0;0;0;0;1;1;1;1;0;0;0;0;0;0;0;0;0;();(-2000.0, -2000.0);
06:45:13:550;06:45:13:482;1448647283.37;(0, 0);0;0;06:45:13:550;0;10;-1.5;1;0;0;0;0;1;1;1;1;0;0;0;0;0;0;0;0;0;();(-2000.0, -2000.0);
06:45:13:567;06:45:13:551;1448647283.43;(0, 0);0;0;06:45:13:567;0;15;-1.5;1;0.0977517106549365;0;0;0;1;1;1;1;0;0;0;0;0;0;0;0;0;();(-2000.0, -2000.0);
06:45:13:583;06:45:13:551;1448647283.43;(0, 0);0;0;06:45:13:583;0;15;-1.5;1;0.0977517106549365;0;0;0;1;1;1;1;0;0;0;0;0;0;0;0;0;();(-2000.0, -2000.0);
06:45:13:600;06:45:13:551;1448647283.43;(0, 0);0;0;06:45:13:600;0;5;-1.5;1;0.0977517106549365;0;0;0;1;1;1;1;0;0;0;0;0;0;0;0;0;();(-2000.0, -2000.0);
06:45:13:617;06:45:13:615;1448647283.5;(0, 0);0;0;06:45:13:617;0;15;-1.5;1;0.0977517106549365;0;0;0;1;1;1;1;0;0;0;0;0;0;0;0;0;();(-2000.0, -2000.0);
06:45:13:650;06:45:13:615;1448647283.5;(0, 0);0;0;06:45:13:650;0;15;-1.5;1;0;0;0;0;1;1;1;1;0;0;0;0;0;0;0;0;0;();(-2000.0, -2000.0);
06:45:13:666;06:45:13:615;1448647283.5;(0, 0);0;0;06:45:13:666;0;5;-1.5;1;0.0977517106549365;0;0;0;1;1;1;1;0;0;0;0;0;0;0;0;0;();(-2000.0, -2000.0);
06:45:13:683;06:45:13:615;1448647283.5;(0, 0);0;0;06:45:13:683;0;10;-1.5;1;0.0977517106549365;0;0;0;1;1;1;1;0;0;0;0;0;0;0;0;0;();(-2000.0, -2000.0);
06:45:13:698;06:45:13:615;1448647283.5;(0, 0);0;0;06:45:13:698;0;10;-1.5;1;0.0977517106549365;0;0;0;1;1;1;1;0;0;0;0;0;0;0;0;0;();(-2000.0, -2000.0);
06:45:13:716;06:45:13:615;1448647283.5;(0, 0);0;0;06:45:13:716;0;12;-1.5;1;0.0977517106549365;0;0;0;1;1;1;1;0;0;0;0;0;0;0;0;0;();(-2000.0, -2000.0);
06:45:13:748;06:45:13:748;1448647283.57;(0, 0);0;0;06:45:13:748;0;0;-1.5;1;0.0977517106549365;0;0;0;1;1;1;1;0;0;0;0;0;0;0;0;0;();(-2000.0, -2000.0);
06:45:13:766;06:45:13:749;1448647283.63;(0, 0);0;0;06:45:13:766;0;5;-1.5;1;0;0;0;0;1;1;1;1;0;0;0;0;0;0;0;0;0;();(-2000.0, -2000.0);
06:45:13:781;06:45:13:749;1448647283.63;(0, 0);0;0;06:45:13:781;0;10;-1.5;1;0.0977517106549365;0;0;0;1;1;1;1;0;0;0;0;0;0;0;0;0;();(-2000.0, -2000.0);
06:45:13:798;06:45:13:749;1448647283.63;(0, 0);0;0;06:45:13:798;0;4;-1.5;1;0.0977517106549365;0;0;0;1;1;1;1;0;0;0;0;0;0;0;0;0;();(-2000.0, -2000.0);
06:45:13:831;06:45:13:814;1448647283.7;(0, 0);0;0;06:45:13:831;0;5;-1.5;1;0;0;0;0;1;1;1;1;0;0;0;0;0;0;0;0;0;();(-2000.0, -2000.0);
06:45:13:848;06:45:13:814;1448647283.7;(0, 0);0;0;06:45:13:848;0;10;-1.5;1;0.0977517106549365;0;0;0;1;1;1;1;0;0;0;0;0;0;0;0;0;();(-2000.0, -2000.0);
06:45:13:865;06:45:13:814;1448647283.7;(0, 0);0;0;06:45:13:865;0;14;-1.5;1;0.0977517106549365;0;0;0;1;1;1;1;0;0;0;0;0;0;0;0;0;();(-2000.0, -2000.0);
06:45:13:881;06:45:13:814;1448647283.7;(0, 0);0;0;06:45:13:881;0;9;-1.5;1;0;0;0;0;1;1;1;1;0;0;0;0;0;0;0;0;0;();(-2000.0, -2000.0);
06:45:13:898;06:45:13:882;1448647283.77;(0, 0);0;0;06:45:13:898;0;0;-1.5;1;0.0977517106549365;0;0;0;1;1;1;1;0;0;0;0;0;0;0;0;0;();(-2000.0, -2000.0);
06:45:13:931;06:45:13:882;1448647283.77;(0, 0);0;0;06:45:13:931;0;15;-1.5;1.00097847358121;0.0977517106549365;0;0;0;1;1;1;1;0;0;0;0;0;0;0;0;0;();(-2000.0, -2000.0);
06:45:13:948;06:45:13:946;1448647283.83;(0, 0);0;0;06:45:13:948;0;4;-1.5;1.00097847358121;0.293255131964809;0;0;0;1;1;1;1;0;0;0;0;0;0;0;0;0;();(-2000.0, -2000.0);
06:45:13:964;06:45:13:946;1448647283.83;(0, 0);0;0;06:45:13:964;0;15;-1.5;1.00097847358121;0.0977517106549365;0;0;0;1;1;1;1;0;0;0;0;0;0;0;0;0;();(-2000.0, -2000.0);
06:45:13:981;06:45:13:946;1448647283.83;(0, 0);0;0;06:45:13:981;0;5;-1.5;1.00097847358121;0;0;0;0;1;1;1;1;0;0;0;0;0;0;0;0;0;();(-2000.0, -2000.0);
06:45:13:997;06:45:13:946;1448647283.83;(0, 0);0;0;06:45:13:997;0;5;-1.5;1;0.0977517106549365;0;0;0;1;1;1;1;0;0;0;0;0;0;0;0;0;();(-2000.0, -2000.0);
06:45:14:030;06:45:14:014;1448647283.9;(0, 0);0;0;06:45:14:030;0;10;-1.5;1;0.293255131964809;0;0;0;1;1;1;1;0;0;0;0;0;0;0;0;0;();(-2000.0, -2000.0);
06:45:14:047;06:45:14:014;1448647283.9;(0, 0);0;0;06:45:14:047;0;4;-1.5;1;0.0977517106549365;0;0;0;1;1;1;1;0;0;0;0;0;0;0;0;0;();(-2000.0, -2000.0);
06:45:14:064;06:45:14:014;1448647283.9;(0, 0);0;0;06:45:14:064;0;10;-1.5;1;0.0977517106549365;0;0;0;1;1;1;1;0;0;0;0;0;0;0;0;0;();(-2000.0, -2000.0);
06:45:14:080;06:45:14:078;1448647283.97;(0, 0);0;0;06:45:14:080;0;5;-1.5;1;0;0;0;0;1;1;1;1;0;0;0;0;0;0;0;0;0;();(-2000.0, -2000.0);
06:45:14:097;06:45:14:078;1448647283.97;(0, 0);0;0;06:45:14:097;0;10;-1.5;1;0.0977517106549365;0;0;0;1;1;1;1;0;0;0;0;0;0;0;0;0;();(-2000.0, -2000.0);
06:45:14:129;06:45:14:078;1448647283.97;(0, 0);0;0;06:45:14:129;0;15;-1.5;1;0.293255131964809;0;0;0;1;1;1;1;0;0;0;0;0;0;0;0;0;();(-2000.0, -2000.0);
06:45:14:146;06:45:14:078;1448647283.97;(0, 0);0;0;06:45:14:146;0;5;-1.5;1.00294117647059;0.0977517106549365;0;0;0;1;1;1;1;0;0;0;0;0;0;0;0;0;();(-2000.0, -2000.0);
06:45:14:163;06:45:14:146;1448647284.03;(0, 0);0;0;06:45:14:163;0;0;-1.5;1.00589970501475;0.0977517106549365;0;0;0;1;1;1;1;0;0;0;0;0;0;0;0;0;();(-2000.0, -2000.0);
06:45:14:180;06:45:14:146;1448647284.03;(0, 0);0;0;06:45:14:180;0;4;-1.5;1.00688976377953;0;0;0;0;1;1;1;1;0;0;0;0;0;0;0;0;0;();(-2000.0, -2000.0);
06:45:14:196;06:45:14:146;1448647284.03;(0, 0);0;0;06:45:14:196;0;15;-1.5;1.01186943620178;0.0977517106549365;0;0;0;1;1;1;1;0;0;0;0;0;0;0;0;0;();(-2000.0, -2000.0);
06:45:14:229;06:45:14:210;1448647284.1;(0, 0);0;0;06:45:14:229;0;10;-1.5;1.00688976377953;0;0;0;0;1;1;1;1;0;0;0;0;0;0;0;0;0;();(-2000.0, -2000.0);
06:45:14:246;06:45:14:210;1448647284.1;(0, 0);0;0;06:45:14:246;0;15;-1.5;1.00589970501475;0.0977517106549365;0;0;0;1;1;1;1;0;0;0;0;0;0;0;0;0;();(-2000.0, -2000.0);
06:45:14:263;06:45:14:210;1448647284.1;(0, 0);0;0;06:45:14:263;0;10;-1.5;1.00688976377953;0.0977517106549365;0;0;0;1;1;1;1;0;0;0;0;0;0;0;0;0;();(-2000.0, -2000.0);
06:45:14:281;06:45:14:280;1448647284.17;(0, 0);0;0;06:45:14:281;0;15;-1.5;1.00688976377953;0;0;0;0;1;1;1;1;0;0;0;0;0;0;0;0;0;();(-2000.0, -2000.0);
06:45:14:297;06:45:14:280;1448647284.17;(0, 0);0;0;06:45:14:297;0;9;-1.5;1.00589970501475;0;0;0;0;1;1;1;1;0;0;0;0;0;0;0;0;0;();(-2000.0, -2000.0);
06:45:14:330;06:45:14:280;1448647284.17;(0, 0);0;0;06:45:14:330;0;5;-1.5;1.00294117647059;0.293255131964809;0;0;0;1;1;1;1;0;0;0;0;0;0;0;0;0;();(-2000.0, -2000.0);
06:45:14:347;06:45:14:280;1448647284.17;(0, 0);0;0;06:45:14:347;0;0;-1.5;1.00294117647059;0.0977517106549365;0;0;0;1;1;1;1;0;0;0;0;0;0;0;0;0;();(-2000.0, -2000.0);
06:45:14:363;06:45:14:348;1448647284.23;(0, 0);0;0;06:45:14:363;0;5;-1.5;1;0.0977517106549365;0;0;0;1;1;1;1;0;0;0;0;0;0;0;0;0;();(-2000.0, -2000.0);
06:45:14:380;06:45:14:348;1448647284.23;(0, 0);0;0;06:45:14:380;0;0;-1.5;1;0.293255131964809;0;0;0;1;1;1;1;0;0;0;0;0;0;0;0;0;();(-2000.0, -2000.0);
06:45:14:413;06:45:14:348;1448647284.23;(0, 0);0;0;06:45:14:413;0;15;-1.5;1;0.0977517106549365;0;0;0;1;1;1;1;0;0;0;0;0;0;0;0;0;();(-2000.0, -2000.0);
06:45:14:440;06:45:14:417;1448647284.3;(0, 0);0;0;06:45:14:439;0;4;-1.5;1;0.0977517106549365;0;0;0;1;1;1;1;0;0;0;0;0;0;0;0;0;();(-2000.0, -2000.0);
06:45:14:446;06:45:14:417;1448647284.3;(0, 0);0;0;06:45:14:446;0;5;-1.5;1;0.0977517106549365;0;0;0;1;1;1;1;0;0;0;0;0;0;0;0;0;();(-2000.0, -2000.0);
06:45:14:462;06:45:14:417;1448647284.3;(0, 0);0;0;06:45:14:462;0;5;-1.5;1;0.293255131964809;0;0;0;1;1;1;1;0;0;0;0;0;0;0;0;0;();(-2000.0, -2000.0);
06:45:14:480;06:45:14:479;1448647284.37;(0, 0);0;0;06:45:14:480;0;15;-1.5;1.00294117647059;0;0;0;0;1;1;1;1;0;0;0;0;0;0;0;0;0;();(-2000.0, -2000.0);
06:45:14:512;06:45:14:479;1448647284.37;(0, 0);0;0;06:45:14:512;0;10;-1.5;1.01488095238095;0.0977517106549365;0;0;0;1;1;1;1;0;0;0;0;0;0;0;0;0;();(-2000.0, -2000.0);
06:45:14:529;06:45:14:479;1448647284.37;(0, 0);0;0;06:45:14:529;0;4;-1.5;1.0168986083499;0.0977517106549365;0;0;0;1;1;1;1;0;0;0;0;0;0;0;0;0;();(-2000.0, -2000.0);
06:45:14:545;06:45:14:479;1448647284.37;(0, 0);0;0;06:45:14:545;0;0;-1.5;1.0168986083499;0.0977517106549365;0;0;0;1;1;1;1;0;0;0;0;0;0;0;0;0;();(-2000.0, -2000.0);
06:45:14:562;06:45:14:547;1448647284.43;(0, 0);0;0;06:45:14:562;0;5;-1.5;1.01186943620178;0;0;0;0;1;1;1;1;0;0;0;0;0;0;0;0;0;();(-2000.0, -2000.0);
06:45:14:579;06:45:14:547;1448647284.43;(0, 0);0;0;06:45:14:578;0;15;-1.5;1.00887573964497;0.0977517106549365;0;0;0;1;1;1;1;0;0;0;0;0;0;0;0;0;();(-2000.0, -2000.0);
06:45:14:612;06:45:14:610;1448647284.5;(0, 0);0;0;06:45:14:612;0;9;-1.5;1.00097847358121;0;0;0;0;1;1;1;1;0;0;0;0;0;0;0;0;0;();(-2000.0, -2000.0);
06:45:14:628;06:45:14:610;1448647284.5;(0, 0);0;0;06:45:14:628;0;5;-1.5;1.00294117647059;0.0977517106549365;0;0;0;1;1;1;1;0;0;0;0;0;0;0;0;0;();(-2000.0, -2000.0);
06:45:14:645;06:45:14:610;1448647284.5;(0, 0);0;0;06:45:14:645;0;10;-1.5;1.00688976377953;0.0977517106549365;0;0;0;1;1;1;1;0;0;0;0;0;0;0;0;0;();(-2000.0, -2000.0);
06:45:14:661;06:45:14:610;1448647284.5;(0, 0);0;0;06:45:14:661;0;4;-1.5;1.00688976377953;0.0977517106549365;0;0;0;1;1;1;1;0;0;0;0;0;0;0;0;0;();(-2000.0, -2000.0);
06:45:14:678;06:45:14:678;1448647284.57;(0, 0);0;0;06:45:14:678;0;9;-1.5;1.00688976377953;0.0977517106549365;0;0;0;1;1;1;1;0;0;0;0;0;0;0;0;0;();(-2000.0, -2000.0);
06:45:14:712;06:45:14:678;1448647284.57;(0, 0);0;0;06:45:14:712;0;10;-1.5;1.00688976377953;0.0977517106549365;0;0;0;1;1;1;1;0;0;0;0;0;0;0;0;0;();(-2000.0, -2000.0);
06:45:14:728;06:45:14:678;1448647284.57;(0, 0);0;0;06:45:14:728;0;15;-1.5;1.00688976377953;0.0977517106549365;0;0;0;1;1;1;1;0;0;0;0;0;0;0;0;0;();(-2000.0, -2000.0);
06:45:14:744;06:45:14:678;1448647284.57;(0, 0);0;0;06:45:14:744;0;15;-1.5;1.00688976377953;0.0977517106549365;0;0;0;1;1;1;1;0;0;0;0;0;0;0;0;0;();(-2000.0, -2000.0);
06:45:14:761;06:45:14:746;1448647284.63;(0, 0);0;0;06:45:14:761;0;4;-1.5;1.00294117647059;0.0977517106549365;0;0;0;1;1;1;1;0;0;0;0;0;0;0;0;0;();(-2000.0, -2000.0);
06:45:14:777;06:45:14:746;1448647284.63;(0, 0);0;0;06:45:14:777;0;9;-1.5;1.00097847358121;0;0;0;0;1;1;1;1;0;0;0;0;0;0;0;0;0;();(-2000.0, -2000.0);
06:45:14:810;06:45:14:746;1448647284.63;(0, 0);0;0;06:45:14:810;0;10;-1.5;1;0.0977517106549365;0;0;0;1;1;1;1;0;0;0;0;0;0;0;0;0;();(-2000.0, -2000.0);
06:45:14:827;06:45:14:814;1448647284.7;(0, 0);0;0;06:45:14:826;0;15;-1.5;1.00097847358121;0.293255131964809;0;0;0;1;1;1;1;0;0;0;0;0;0;0;0;0;();(-2000.0, -2000.0);
06:45:14:844;06:45:14:814;1448647284.7;(0, 0);0;0;06:45:14:844;0;10;-1.5;1.00294117647059;0.0977517106549365;0;0;0;1;1;1;1;0;0;0;0;0;0;0;0;0;();(-2000.0, -2000.0);
06:45:14:859;06:45:14:814;1448647284.7;(0, 0);0;0;06:45:14:859;0;0;-1.5;1.00097847358121;0;0;0;0;1;1;1;1;0;0;0;0;0;0;0;0;0;();(-2000.0, -2000.0);
06:45:14:876;06:45:14:874;1448647284.77;(0, 0);0;0;06:45:14:876;0;5;-1.5;1;0.0977517106549365;0;0;0;1;1;1;1;0;0;0;0;0;0;0;0;0;();(-2000.0, -2000.0);
06:45:14:910;06:45:14:874;1448647284.77;(0, 0);0;0;06:45:14:910;0;4;-1.5;1;0.0977517106549365;0;0;0;1;1;1;1;0;0;0;0;0;0;0;0;0;();(-2000.0, -2000.0);
06:45:14:926;06:45:14:874;1448647284.77;(0, 0);0;0;06:45:14:926;0;15;-1.5;1;0;0;0;0;1;1;1;1;0;0;0;0;0;0;0;0;0;();(-2000.0, -2000.0);
06:45:14:943;06:45:14:943;1448647284.83;(0, 0);0;0;06:45:14:943;0;5;-1.5;1;0;0;0;0;1;1;1;1;0;0;0;0;0;0;0;0;0;();(-2000.0, -2000.0);
06:45:14:960;06:45:14:943;1448647284.83;(0, 0);0;0;06:45:14:960;0;10;-1.5;1.00688976377953;0.0977517106549365;0;0;0;1;1;1;1;0;0;0;0;0;0;0;0;0;();(-2000.0, -2000.0);
06:45:14:993;06:45:14:943;1448647284.83;(0, 0);0;0;06:45:14:993;0;9;-1.5;1.00688976377953;0.0977517106549365;0;0;0;1;1;1;1;0;0;0;0;0;0;0;0;0;();(-2000.0, -2000.0);
06:45:15:009;06:45:14:943;1448647284.83;(0, 0);0;0;06:45:15:009;0;4;-1.5;1.00589970501475;0.0977517106549365;0;0;0;1;1;1;1;0;0;0;0;0;0;0;0;0;();(-2000.0, -2000.0);
06:45:15:026;06:45:15:013;1448647284.9;(0, 0);0;0;06:45:15:026;0;10;-1.5;1.00294117647059;0;0;0;0;1;1;1;1;0;0;0;0;0;0;0;0;0;();(-2000.0, -2000.0);
06:45:15:042;06:45:15:013;1448647284.9;(0, 0);0;0;06:45:15:042;0;10;-1.5;1.00294117647059;0;0;0;0;1;1;1;1;0;0;0;0;0;0;0;0;0;();(-2000.0, -2000.0);
06:45:15:059;06:45:15:013;1448647284.9;(0, 0);0;0;06:45:15:059;0;9;-1.5;1.01186943620178;0.0977517106549365;0;0;0;1;1;1;1;0;0;0;0;0;0;0;0;0;();(-2000.0, -2000.0);
06:45:15:092;06:45:15:079;1448647284.97;(0, 0);0;0;06:45:15:092;0;9;-1.5;1.01994017946162;0;0;0;0;1;1;1;1;0;0;0;0;0;0;0;0;0;();(-2000.0, -2000.0);
06:45:15:109;06:45:15:079;1448647284.97;(0, 0);0;0;06:45:15:109;0;5;-1.5;1.02402402402402;0.0977517106549365;0;0;0;1;1;1;1;0;0;0;0;0;0;0;0;0;();(-2000.0, -2000.0);
06:45:15:125;06:45:15:079;1448647284.97;(0, 0);0;0;06:45:15:125;0;10;-1.5;1.02814070351759;0;0;0;0;1;1;1;1;0;0;0;0;0;0;0;0;0;();(-2000.0, -2000.0);
06:45:15:142;06:45:15:079;1448647284.97;(0, 0);0;0;06:45:15:142;0;15;-1.5;1.0250501002004;0.293255131964809;0;0;0;1;1;1;1;0;0;0;0;0;0;0;0;0;();(-2000.0, -2000.0);
06:45:15:158;06:45:15:143;1448647285.03;(0, 0);0;0;06:45:15:158;0;10;-1.5;1.02402402402402;0.0977517106549365;0;0;0;1;1;1;1;0;0;0;0;0;0;0;0;0;();(-2000.0, -2000.0);
06:45:15:192;06:45:15:143;1448647285.03;(0, 0);0;0;06:45:15:192;0;10;-1.5;1.01387512388503;0;0;0;0;1;1;1;1;0;0;0;0;0;0;0;0;0;();(-2000.0, -2000.0);
06:45:15:208;06:45:15:207;1448647285.1;(0, 0);0;0;06:45:15:208;0;5;-1.5;1.00887573964497;0.0977517106549365;0;0;0;1;1;1;1;0;0;0;0;0;0;0;0;0;();(-2000.0, -2000.0);
06:45:15:225;06:45:15:207;1448647285.1;(0, 0);0;0;06:45:15:225;0;9;-1.5;1.01186943620178;0;0;0;0;1;1;1;1;0;0;0;0;0;0;0;0;0;();(-2000.0, -2000.0);
06:45:15:241;06:45:15:207;1448647285.1;(0, 0);0;0;06:45:15:241;0;15;-1.5;1.01892430278884;0.0977517106549365;0;0;0;1;1;1;1;0;0;0;0;0;0;0;0;0;();(-2000.0, -2000.0);
06:45:15:257;06:45:15:207;1448647285.1;(0, 0);0;0;06:45:15:257;0;9;-1.5;1.01892430278884;0.0977517106549365;0;0;0;1;1;1;1;0;0;0;0;0;0;0;0;0;();(-2000.0, -2000.0);
06:45:15:289;06:45:15:274;1448647285.17;(0, 0);0;0;06:45:15:289;0;10;-1.5;1.01994017946162;0.0977517106549365;0;0;0;1;1;1;1;0;0;0;0;0;0;0;0;0;();(-2000.0, -2000.0);
06:45:15:307;06:45:15:274;1448647285.17;(0, 0);0;0;06:45:15:307;0;15;-1.5;1.02402402402402;0.0977517106549365;0;0;0;1;1;1;1;0;0;0;0;0;0;0;0;0;();(-2000.0, -2000.0);
06:45:15:324;06:45:15:274;1448647285.17;(0, 0);0;0;06:45:15:324;0;9;-1.5;1.02402402402402;0;0;0;0;1;1;1;1;0;0;0;0;0;0;0;0;0;();(-2000.0, -2000.0);
06:45:15:341;06:45:15:274;1448647285.17;(0, 0);0;0;06:45:15:341;0;0;-1.5;1.01488095238095;0.0977517106549365;0;0;0;1;1;1;1;0;0;0;0;0;0;0;0;0;();(-2000.0, -2000.0);
06:45:15:357;06:45:15:343;1448647285.23;(0, 0);0;0;06:45:15:357;0;4;-1.5;1.00688976377953;0.0977517106549365;0;0;0;1;1;1;1;0;0;0;0;0;0;0;0;0;();(-2000.0, -2000.0);
06:45:15:390;06:45:15:343;1448647285.23;(0, 0);0;0;06:45:15:390;0;9;-1.5;1.00097847358121;0.0977517106549365;0;0;0;1;1;1;1;0;0;0;0;0;0;0;0;0;();(-2000.0, -2000.0);
06:45:15:406;06:45:15:343;1448647285.23;(0, 0);0;0;06:45:15:406;0;15;-1.5;1;0;0;0;0;1;1;1;1;0;0;0;0;0;0;0;0;0;();(-2000.0, -2000.0);
06:45:15:423;06:45:15:407;1448647285.27;(0, 0);0;0;06:45:15:423;0;5;-1.5;1;0.293255131964809;0;0;0;1;1;1;1;0;0;0;0;0;0;0;0;0;();(-2000.0, -2000.0);
06:45:15:440;06:45:15:407;1448647285.27;(0, 0);0;0;06:45:15:440;0;15;-1.5;1;0.293255131964809;0;0;0;1;1;1;1;0;0;0;0;0;0;0;0;0;();(-2000.0, -2000.0);
06:45:15:457;06:45:15:407;1448647285.27;(0, 0);0;0;06:45:15:457;0;4;-1.5;1.00294117647059;0.293255131964809;0;0;0;1;1;1;1;0;0;0;0;0;0;0;0;0;();(-2000.0, -2000.0);
06:45:15:490;06:45:15:482;1448647285.37;(0, 0);0;0;06:45:15:490;0;5;-1.5;1.02402402402402;0.293255131964809;0;0;0;1;1;1;1;0;0;0;0;0;0;0;0;0;();(-2000.0, -2000.0);
06:45:15:506;06:45:15:482;1448647285.37;(0, 0);0;0;06:45:15:506;0;0;-1.5;1.03125;0.0977517106549365;0;0;0;1;1;1;1;0;0;0;0;0;0;0;0;0;();(-2000.0, -2000.0);
06:45:15:523;06:45:15:482;1448647285.37;(0, 0);0;0;06:45:15:523;0;4;-1.5;1.04494382022472;0.0977517106549365;0;0;0;1;1;1;1;0;0;0;0;0;0;0;0;0;();(-2000.0, -2000.0);
06:45:15:539;06:45:15:482;1448647285.37;(0, 0);0;0;06:45:15:539;0;9;-1.5;1.04494382022472;0.0977517106549365;0;0;0;1;1;1;1;0;0;0;0;0;0;0;0;0;();(-2000.0, -2000.0);
06:45:15:572;06:45:15:541;1448647285.43;(0, 0);0;0;06:45:15:572;0;15;-1.5;1.03963414634146;0.0977517106549365;0;0;0;1;1;1;1;0;0;0;0;0;0;0;0;0;();(-2000.0, -2000.0);
06:45:15:589;06:45:15:541;1448647285.43;(0, 0);0;0;06:45:15:589;0;15;-1.5;1.03963414634146;0.0977517106549365;0;0;0;1;1;1;1;0;0;0;0;0;0;0;0;0;();(-2000.0, -2000.0);
06:45:15:606;06:45:15:541;1448647285.43;(0, 0);0;0;06:45:15:606;0;5;-1.5;1.03963414634146;0;0;0;0;1;1;1;1;0;0;0;0;0;0;0;0;0;();(-2000.0, -2000.0);
06:45:15:622;06:45:15:607;1448647285.5;(0, 0);0;0;06:45:15:622;0;5;-1.5;1.03963414634146;0;0;0;0;1;1;1;1;0;0;0;0;0;0;0;0;0;();(-2000.0, -2000.0);
06:45:15:639;06:45:15:607;1448647285.5;(0, 0);0;0;06:45:15:639;0;10;-1.5;1.00688976377953;0.0977517106549365;0;0;0;1;1;1;1;0;0;0;0;0;0;0;0;0;();(-2000.0, -2000.0);
06:45:15:672;06:45:15:607;1448647285.5;(0, 0);0;0;06:45:15:672;0;10;-1.5;1;0.0977517106549365;0;0;0;1;1;1;1;0;0;0;0;0;0;0;0;0;();(-2000.0, -2000.0);
06:45:15:688;06:45:15:675;1448647285.57;(0, 0);0;0;06:45:15:688;0;4;-1.5;1;0;0;0;0;1;1;1;1;0;0;0;0;0;0;0;0;0;();(-2000.0, -2000.0);
06:45:15:705;06:45:15:675;1448647285.57;(0, 0);0;0;06:45:15:705;0;10;-1.5;1;0.0977517106549365;0;0;0;1;1;1;1;0;0;0;0;0;0;0;0;0;();(-2000.0, -2000.0);
06:45:15:722;06:45:15:675;1448647285.57;(0, 0);0;0;06:45:15:722;0;14;-1.5;1;0.0977517106549365;0;0;0;1;1;1;1;0;0;0;0;0;0;0;0;0;();(-2000.0, -2000.0);
06:45:15:738;06:45:15:675;1448647285.57;(0, 0);0;0;06:45:15:738;0;9;-1.5;1;0;0;0;0;1;1;1;1;0;0;0;0;0;0;0;0;0;();(-2000.0, -2000.0);
06:45:15:771;06:45:15:739;1448647285.6;(0, 0);0;0;06:45:15:771;0;10;-1.5;1;0.0977517106549365;0;0;0;1;1;1;1;0;0;0;0;0;0;0;0;0;();(-2000.0, -2000.0);
06:45:15:788;06:45:15:739;1448647285.6;(0, 0);0;0;06:45:15:788;0;15;-1.5;1.00392541707556;0;0;0;0;1;1;1;1;0;0;0;0;0;0;0;0;0;();(-2000.0, -2000.0);
06:45:15:804;06:45:15:739;1448647285.6;(0, 0);0;0;06:45:15:804;0;10;-1.5;1.00688976377953;0.0977517106549365;0;0;0;1;1;1;1;0;0;0;0;0;0;0;0;0;();(-2000.0, -2000.0);
06:45:15:821;06:45:15:806;1448647285.7;(0, 0);0;0;06:45:15:821;0;0;-1.5;1.01387512388503;0.0977517106549365;0;0;0;1;1;1;1;0;0;0;0;0;0;0;0;0;();(-2000.0, -2000.0);
06:45:15:837;06:45:15:806;1448647285.7;(0, 0);0;0;06:45:15:837;0;10;-1.5;1.01588877855015;0.0977517106549365;0;0;0;1;1;1;1;0;0;0;0;0;0;0;0;0;();(-2000.0, -2000.0);
06:45:15:871;06:45:15:870;1448647285.73;(0, 0);0;0;06:45:15:871;0;4;-1.5;1.01186943620178;0;0;0;0;1;1;1;1;0;0;0;0;0;0;0;0;0;();(-2000.0, -2000.0);
06:45:15:887;06:45:15:870;1448647285.73;(0, 0);0;0;06:45:15:887;0;15;-1.5;1.00688976377953;0.0977517106549365;0;0;0;1;1;1;1;0;0;0;0;0;0;0;0;0;();(-2000.0, -2000.0);
06:45:15:903;06:45:15:870;1448647285.73;(0, 0);0;0;06:45:15:903;0;5;-1.5;1.00294117647059;0.0977517106549365;0;0;0;1;1;1;1;0;0;0;0;0;0;0;0;0;();(-2000.0, -2000.0);
06:45:15:920;06:45:15:870;1448647285.73;(0, 0);0;0;06:45:15:920;0;0;-1.5;1.00097847358121;0.0977517106549365;0;0;0;1;1;1;1;0;0;0;0;0;0;0;0;0;();(-2000.0, -2000.0);
06:45:15:937;06:45:15:870;1448647285.73;(0, 0);0;0;06:45:15:937;0;4;-1.5;1;0;0;0;0;1;1;1;1;0;0;0;0;0;0;0;0;0;();(-2000.0, -2000.0);
06:45:15:970;06:45:15:939;1448647285.83;(0, 0);0;0;06:45:15:970;0;4;-1.5;1;0;0;0;0;1;1;1;1;0;0;0;0;0;0;0;0;0;();(-2000.0, -2000.0);
06:45:15:987;06:45:15:939;1448647285.83;(0, 0);0;0;06:45:15:987;0;0;-1.5;1.00294117647059;0.0977517106549365;0;0;0;1;1;1;1;0;0;0;0;0;0;0;0;0;();(-2000.0, -2000.0);
06:45:16:003;06:45:15:939;1448647285.83;(0, 0);0;0;06:45:16:003;0;5;-1.5;1.00688976377953;0;0;0;0;1;1;1;1;0;0;0;0;0;0;0;0;0;();(-2000.0, -2000.0);
06:45:16:020;06:45:16:007;1448647285.9;(0, 0);0;0;06:45:16:019;0;15;-1.5;1.01186943620178;0;0;0;0;1;1;1;1;0;0;0;0;0;0;0;0;0;();(-2000.0, -2000.0);
06:45:16:037;06:45:16:007;1448647285.9;(0, 0);0;0;06:45:16:037;0;4;-1.5;1.01186943620178;0.0977517106549365;0;0;0;1;1;1;1;0;0;0;0;0;0;0;0;0;();(-2000.0, -2000.0);
06:45:16:069;06:45:16:007;1448647285.9;(0, 0);0;0;06:45:16:069;0;5;-1.5;1.00688976377953;0.293255131964809;0;0;0;1;1;1;1;0;0;0;0;0;0;0;0;0;();(-2000.0, -2000.0);
06:45:16:086;06:45:16:071;1448647285.97;(0, 0);0;0;06:45:16:086;0;10;-1.5;1.00688976377953;0.0977517106549365;0;0;0;1;1;1;1;0;0;0;0;0;0;0;0;0;();(-2000.0, -2000.0);
06:45:16:103;06:45:16:071;1448647285.97;(0, 0);0;0;06:45:16:103;0;4;-1.5;1.00688976377953;0.293255131964809;0;0;0;1;1;1;1;0;0;0;0;0;0;0;0;0;();(-2000.0, -2000.0);
06:45:16:119;06:45:16:071;1448647285.97;(0, 0);0;0;06:45:16:119;0;10;-1.5;1.00294117647059;0.0977517106549365;0;0;0;1;1;1;1;0;0;0;0;0;0;0;0;0;();(-2000.0, -2000.0);
06:45:16:152;06:45:16:138;1448647286.03;(0, 0);0;0;06:45:16:152;0;10;-1.5;1.00589970501475;0.0977517106549365;0;0;0;1;1;1;1;0;0;0;0;0;0;0;0;0;();(-2000.0, -2000.0);
06:45:16:169;06:45:16:138;1448647286.03;(0, 0);0;0;06:45:16:169;0;5;-1.5;1.00589970501475;0.293255131964809;0;0;0;1;1;1;1;0;0;0;0;0;0;0;0;0;();(-2000.0, -2000.0);
06:45:16:186;06:45:16:138;1448647286.03;(0, 0);0;0;06:45:16:186;0;10;-1.5;1.00688976377953;0.0977517106549365;0;0;0;1;1;1;1;0;0;0;0;0;0;0;0;0;();(-2000.0, -2000.0);
06:45:16:202;06:45:16:138;1448647286.03;(0, 0);0;0;06:45:16:202;0;4;-1.5;1.00589970501475;0.0977517106549365;0;0;0;1;1;1;1;0;0;0;0;0;0;0;0;0;();(-2000.0, -2000.0);
06:45:16:219;06:45:16:203;1448647286.1;(0, 0);0;0;06:45:16:219;0;9;-1.5;1.00294117647059;0.0977517106549365;0;0;0;1;1;1;1;0;0;0;0;0;0;0;0;0;();(-2000.0, -2000.0);
06:45:16:251;06:45:16:203;1448647286.1;(0, 0);0;0;06:45:16:251;0;15;-1.5;1.00294117647059;0;0;0;0;1;1;1;1;0;0;0;0;0;0;0;0;0;();(-2000.0, -2000.0);
06:45:16:267;06:45:16:203;1448647286.1;(0, 0);0;0;06:45:16:267;0;4;-1.5;1.00097847358121;0.0977517106549365;0;0;0;1;1;1;1;0;0;0;0;0;0;0;0;0;();(-2000.0, -2000.0);
06:45:16:284;06:45:16:270;1448647286.17;(0, 0);0;0;06:45:16:284;0;10;-1.5;1.00097847358121;0.0977517106549365;0;0;0;1;1;1;1;0;0;0;0;0;0;0;0;0;();(-2000.0, -2000.0);
06:45:16:301;06:45:16:270;1448647286.17;(0, 0);0;0;06:45:16:301;0;0;-1.5;1.00688976377953;0.0977517106549365;0;0;0;1;1;1;1;0;0;0;0;0;0;0;0;0;();(-2000.0, -2000.0);
06:45:16:318;06:45:16:270;1448647286.17;(0, 0);0;0;06:45:16:318;0;10;-1.5;1.00887573964497;0.0977517106549365;0;0;0;1;1;1;1;0;0;0;0;0;0;0;0;0;();(-2000.0, -2000.0);
06:45:16:351;06:45:16:337;1448647286.2;(0, 0);0;0;06:45:16:351;0;2;-1.5;1.01488095238095;0.0977517106549365;0;0;0;1;1;1;1;0;0;0;0;0;0;0;0;0;();(-2000.0, -2000.0);
06:45:16:367;06:45:16:337;1448647286.2;(0, 0);0;0;06:45:16:367;0;15;-1.5;1.01186943620178;0.0977517106549365;0;0;0;1;1;1;1;0;0;0;0;0;0;0;0;0;();(-2000.0, -2000.0);
06:45:16:385;06:45:16:337;1448647286.2;(0, 0);0;0;06:45:16:385;0;5;-1.5;1.00688976377953;0;0;0;0;1;1;1;1;0;0;0;0;0;0;0;0;0;();(-2000.0, -2000.0);
06:45:16:401;06:45:16:337;1448647286.2;(0, 0);0;0;06:45:16:401;0;10;-1.5;1.01488095238095;0.0977517106549365;0;0;0;1;1;1;1;0;0;0;0;0;0;0;0;0;();(-2000.0, -2000.0);
06:45:16:417;06:45:16:403;1448647286.3;(0, 0);0;0;06:45:16:417;0;4;-1.5;1.01892430278884;0;0;0;0;1;1;1;1;0;0;0;0;0;0;0;0;0;();(-2000.0, -2000.0);
06:45:16:450;06:45:16:403;1448647286.3;(0, 0);0;0;06:45:16:450;0;4;-1.5;1.03333333333333;0.0977517106549365;0;0;0;1;1;1;1;0;0;0;0;0;0;0;0;0;();(-2000.0, -2000.0);
06:45:16:467;06:45:16:403;1448647286.3;(0, 0);0;0;06:45:16:467;0;10;-1.5;1.04494382022472;0.0977517106549365;0;0;0;1;1;1;1;0;0;0;0;0;0;0;0;0;();(-2000.0, -2000.0);
06:45:16:483;06:45:16:470;1448647286.33;(0, 0);0;0;06:45:16:483;0;5;-1.5;1.04175152749491;0.0977517106549365;0;0;0;1;1;1;1;0;0;0;0;0;0;0;0;0;();(-2000.0, -2000.0);
06:45:16:500;06:45:16:470;1448647286.33;(0, 0);0;0;06:45:16:500;0;9;-1.5;1.03542510121457;0.0977517106549365;0;0;0;1;1;1;1;0;0;0;0;0;0;0;0;0;();(-2000.0, -2000.0);
06:45:16:517;06:45:16:470;1448647286.33;(0, 0);0;0;06:45:16:517;0;15;-1.5;1.03125;0.0977517106549365;0;0;0;1;1;1;1;0;0;0;0;0;0;0;0;0;();(-2000.0, -2000.0);
06:45:16:550;06:45:16:536;1448647286.4;(0, 0);0;0;06:45:16:550;0;11;-1.5;1.04494382022472;0.293255131964809;0;0;0;1;1;1;1;0;0;0;0;0;0;0;0;0;();(-2000.0, -2000.0);
06:45:16:566;06:45:16:536;1448647286.4;(0, 0);0;0;06:45:16:566;0;10;-1.5;1.05246913580247;0.0977517106549365;0;0;0;1;1;1;1;0;0;0;0;0;0;0;0;0;();(-2000.0, -2000.0);
06:45:16:583;06:45:16:536;1448647286.4;(0, 0);0;0;06:45:16:583;0;4;-1.5;1.05572755417957;0.293255131964809;0;0;0;1;1;1;1;0;0;0;0;0;0;0;0;0;();(-2000.0, -2000.0);
06:45:16:600;06:45:16:536;1448647286.4;(0, 0);0;0;06:45:16:600;0;9;-1.5;1.05791106514995;0;0;0;0;1;1;1;1;0;0;0;0;0;0;0;0;0;();(-2000.0, -2000.0);
06:45:16:633;06:45:16:603;1448647286.5;(0, 0);0;0;06:45:16:633;0;10;-1.5;1.05791106514995;0.0977517106549365;0;0;0;1;1;1;1;0;0;0;0;0;0;0;0;0;();(-2000.0, -2000.0);
06:45:16:649;06:45:16:603;1448647286.5;(0, 0);0;0;06:45:16:649;0;15;-1.5;1.05791106514995;0.0977517106549365;0;0;0;1;1;1;1;0;0;0;0;0;0;0;0;0;();(-2000.0, -2000.0);
06:45:16:666;06:45:16:603;1448647286.5;(0, 0);0;0;06:45:16:666;0;9;-1.5;1.05791106514995;0.0977517106549365;0;0;0;1;1;1;1;0;0;0;0;0;0;0;0;0;();(-2000.0, -2000.0);
06:45:16:683;06:45:16:670;1448647286.57;(0, 0);0;0;06:45:16:683;0;9;-1.5;1.05791106514995;0;0;0;0;1;1;1;1;0;0;0;0;0;0;0;0;0;();(-2000.0, -2000.0);
06:45:16:699;06:45:16:670;1448647286.57;(0, 0);0;0;06:45:16:699;0;9;-1.5;1.05791106514995;0;0;0;0;1;1;1;1;0;0;0;0;0;0;0;0;0;();(-2000.0, -2000.0);
06:45:16:732;06:45:16:670;1448647286.57;(0, 0);0;0;06:45:16:732;0;11;-1.5;1.05791106514995;0;0;0;0;1;1;1;1;0;0;0;0;0;0;0;0;0;();(-2000.0, -2000.0);
06:45:16:749;06:45:16:734;1448647286.6;(0, 0);0;0;06:45:16:749;0;15;-1.5;1.05572755417957;0;0;0;0;1;1;1;1;0;0;0;0;0;0;0;0;0;();(-2000.0, -2000.0);
06:45:16:765;06:45:16:734;1448647286.6;(0, 0);0;0;06:45:16:765;0;4;-1.5;1.05572755417957;0;0;0;0;1;1;1;1;0;0;0;0;0;0;0;0;0;();(-2000.0, -2000.0);
06:45:16:781;06:45:16:734;1448647286.6;(0, 0);0;0;06:45:16:781;0;0;-1.5;1.05791106514995;0.0977517106549365;0;0;0;1;1;1;1;0;0;0;0;0;0;0;0;0;();(-2000.0, -2000.0);
06:45:16:799;06:45:16:734;1448647286.6;(0, 0);0;0;06:45:16:799;0;10;-1.5;1.05791106514995;0.293255131964809;0;0;0;1;1;1;1;0;0;0;0;0;0;0;0;0;();(-2000.0, -2000.0);
06:45:16:831;06:45:16:803;1448647286.67;(0.8227193832397461, 0.6712669160630969);26.3795566559;0.684948047;06:45:16:831;0;4;-1.5;1.05355303810505;0.293255131964809;0;0;0;1;1;1;1;0;0;0;0;0;0;0;0;0;();(-2000.0, -2000.0);
06:45:16:848;06:45:16:803;1448647286.67;(0.8227193832397461, 0.6712669160630969);26.3795566559;0.684948047;06:45:16:848;0;15;-1.5;1.05246913580247;0.293255131964809;0;0;0;1;1;1;1;0;0;0;0;0;0;0;0;0;();(-2000.0, -2000.0);
06:45:16:865;06:45:16:803;1448647286.67;(0.8227193832397461, 0.6712669160630969);26.3795566559;0.684948047;06:45:16:865;0;9;-1.5;1.05246913580247;0;0;0;0;1;1;1;1;0;0;0;0;0;0;0;0;0;();(-2000.0, -2000.0);
06:45:16:881;06:45:16:866;1448647286.73;(0, 0);0;0;06:45:16:881;0;5;-1.5;1.05030800821355;0;0;0;0;1;1;1;1;0;0;0;0;0;0;0;0;0;();(-2000.0, -2000.0);
06:45:16:898;06:45:16:866;1448647286.73;(0, 0);0;0;06:45:16:898;0;5;-1.5;1.05030800821355;0;0;0;0;1;1;1;1;0;0;0;0;0;0;0;0;0;();(-2000.0, -2000.0);
06:45:16:931;06:45:16:866;1448647286.73;(0, 0);0;0;06:45:16:931;0;5;-1.5;1.04923076923077;0;0;0;0;1;1;1;1;0;0;0;0;0;0;0;0;0;();(-2000.0, -2000.0);
06:45:16:947;06:45:16:934;1448647286.83;(0, 0);0;0;06:45:16:947;0;0;-1.5;1.04494382022472;0.0977517106549365;0;0;0;1;1;1;1;0;0;0;0;0;0;0;0;0;();(-2000.0, -2000.0);
06:45:16:964;06:45:16:934;1448647286.83;(0, 0);0;0;06:45:16:964;0;5;-1.5;1.02814070351759;0.0977517106549365;0;0;0;1;1;1;1;0;0;0;0;0;0;0;0;0;();(-2000.0, -2000.0);
06:45:16:981;06:45:16:934;1448647286.83;(0, 0);0;0;06:45:16:981;0;9;-1.5;1.01488095238095;0.0977517106549365;0;0;0;1;1;1;1;0;0;0;0;0;0;0;0;0;();(-2000.0, -2000.0);
06:45:16:996;06:45:16:934;1448647286.83;(0, 0);0;0;06:45:16:996;0;4;-1.5;1.00887573964497;0.293255131964809;0;0;0;1;1;1;1;0;0;0;0;0;0;0;0;0;();(-2000.0, -2000.0);
